##BLOCKS= 182,,,,,,,,,,,,,,,,,,,,
Plate:,Plate2,1.3,PlateFormat,Endpoint,Absorbance,Raw,FALSE,1,,,,,,1,600,1,12,96,7,1
,Temperature(¡C),1,2,3,4,5,6,7,8,9,10,11,12,,,,,,,
,,,,,,,,,,,,,,,,,,,,
,,,,,,,,,,,,,,,,,,,,
,,,,,,,,,,,,,,,,,,,,
,,,,,,,,,,,,,,,,,,,,
,,,,,,,,,,,,,,,,,,,,
,,,,,,,,,,,,,,,,,,,,
,37,0.0001333333333,-0.0008666666667,0.0007333333333,0.1341333333,0.1396333333,0.1281333333,0.1130333333,0.1241333333,0.1229333333,0.1208333333,0.1249333333,0.1165333333,,,,,,,
,,,,,,,,,,,,,,,,,,,,
,,,,,,,,,,,,,,,,,,,,
~End,,,,,,,,,,,,,,,,,,,,
Group: 4b,,,,,,,,,,,,,,,,,,,,
Sample,Well,Concentration,Values,MeanValue,Std.Dev.,CV%,,,,,,,,,,,,,,
1,G4,0,0.134,0.134,0.006,4.293,,,,,,,,,,,,,,
 ,G5, ,0.14, , , ,,,,,,,,,,,,,,
 ,G6, ,0.128, , , ,,,,,,,,,,,,,,
Group Summaries,,,,,,,,,,,,,,,,,,,,
~End ,,,,,,,,,,,,,,,,,,,,
Group: 6a,,,,,,,,,,,,,,,,,,,,
Sample,Well,Concentration,Values,MeanValue,Std.Dev.,CV%,,,,,,,,,,,,,,
1,G7,0,0.113,0.12,0.006,5.075,,,,,,,,,,,,,,
 ,G8, ,0.124, , , ,,,,,,,,,,,,,,
 ,G9, ,0.123, , , ,,,,,,,,,,,,,,
Group Summaries,,,,,,,,,,,,,,,,,,,,
~End ,,,,,,,,,,,,,,,,,,,,
Group: 8a,,,,,,,,,,,,,,,,,,,,
Sample,Well,Concentration,Values,MeanValue,Std.Dev.,CV%,,,,,,,,,,,,,,
1,G10,0,0.121,0.121,0.004,3.478,,,,,,,,,,,,,,
 ,G11, ,0.125, , , ,,,,,,,,,,,,,,
 ,G12, ,0.117, , , ,,,,,,,,,,,,,,
Group Summaries,,,,,,,,,,,,,,,,,,,,
~End ,,,,,,,,,,,,,,,,,,,,
Plate:,Plate1,1.3,PlateFormat,Endpoint,Absorbance,Raw,FALSE,1,,,,,,1,405,1,12,96,1,8
,Temperature(¡C),1,2,3,4,5,6,7,8,9,10,11,12,,,,,,,
,37,-0.002,0.0015,0.0005,-0.1199,-0.1199,-0.1201,-0.1201,-0.12,-0.1203,-0.1198,-0.1201,-0.1202,,,,,,,
,,0.0084,0.0123,0.0098,0.0104,0.0118,0.0109,0.0029,0.0145,0.012,0.0116,0.0089,0.0123,,,,,,,
,,0.0086,0.0123,0.0122,0.0151,0.0107,0.0121,0.007,0.0107,0.0162,0.0112,0.0124,0.0108,,,,,,,
,,0.0025,0.0057,0.008,0.0066,0.0074,0.009,0.0027,0.0112,0.0068,0.0072,0.0069,0.0125,,,,,,,
,,0.0033,0.0102,0.01,0.0066,0.0087,0.0147,0.0054,0.012,0.0113,0.0092,0.0114,0.0125,,,,,,,
,,-0.0003,0.0069,0.0062,0.007,0.0058,0.0082,0.0101,0.0014,0.0064,0.0053,0.0062,0.0084,,,,,,,
,,0.0059,0.0083,0.0066,0.0108,0.0062,0.0084,0.0048,0.0083,0.0067,0.0114,0.0045,-0.0015,,,,,,,
,,-0.1224,-0.1224,-0.1221,-0.122,-0.1221,-0.1221,-0.1218,-0.1222,-0.1222,-0.1222,-0.122,-0.1218,,,,,,,
,,,,,,,,,,,,,,,,,,,,
~End,,,,,,,,,,,,,,,,,,,,
Group: Group01,,,,,,,,,,,,,,,,,,,,
Sample,Well,ara,atc ng/mL,Values,MeanValue,Std.Dev.,CV%,,,,,,,,,,,,,
1,F1,0,0,0,0.004,0.004,93.054,,,,,,,,,,,,,
 ,F2, , ,0.007, , , ,,,,,,,,,,,,,
 ,F3, , ,0.006, , , ,,,,,,,,,,,,,
Group Summaries,,,,,,,,,,,,,,,,,,,,
~End ,,,,,,,,,,,,,,,,,,,,
Group: Group02,,,,,,,,,,,,,,,,,,,,
Sample,Well,ara,atc ng/mL,Values,MeanValue,Std.Dev.,CV%,,,,,,,,,,,,,
1,F4,0.001,0,0.007,0.007,0.001,17.143,,,,,,,,,,,,,
 ,F5, , ,0.006, , , ,,,,,,,,,,,,,
 ,F6, , ,0.008, , , ,,,,,,,,,,,,,
Group Summaries,,,,,,,,,,,,,,,,,,,,
~End ,,,,,,,,,,,,,,,,,,,,
Group: Group03,,,,,,,,,,,,,,,,,,,,
Sample,Well,ara,atc ng/mL,Values,MeanValue,Std.Dev.,CV%,,,,,,,,,,,,,
1,F7,0.01,0,0.01,0.006,0.004,73.176,,,,,,,,,,,,,
 ,F8, , ,0.001, , , ,,,,,,,,,,,,,
 ,F9, , ,0.006, , , ,,,,,,,,,,,,,
Group Summaries,,,,,,,,,,,,,,,,,,,,
~End ,,,,,,,,,,,,,,,,,,,,
Group: Group04,,,,,,,,,,,,,,,,,,,,
Sample,Well,ara,atc ng/mL,Values,MeanValue,Std.Dev.,CV%,,,,,,,,,,,,,
1,F10,0.1,0,0.005,0.007,0.002,24.042,,,,,,,,,,,,,
 ,F11, , ,0.006, , , ,,,,,,,,,,,,,
 ,F12, , ,0.008, , , ,,,,,,,,,,,,,
Group Summaries,,,,,,,,,,,,,,,,,,,,
~End ,,,,,,,,,,,,,,,,,,,,
Group: Group05,,,,,,,,,,,,,,,,,,,,
Sample,Well,ara,atc ng/mL,Values,MeanValue,Std.Dev.,CV%,,,,,,,,,,,,,
1,G1,0,200,0.006,0.007,0.001,17.801,,,,,,,,,,,,,
 ,G2, , ,0.008, , , ,,,,,,,,,,,,,
 ,G3, , ,0.007, , , ,,,,,,,,,,,,,
Group Summaries,,,,,,,,,,,,,,,,,,,,
~End ,,,,,,,,,,,,,,,,,,,,
Group: Group06,,,,,,,,,,,,,,,,,,,,
Sample,Well,ara,atc ng/mL,Values,MeanValue,Std.Dev.,CV%,,,,,,,,,,,,,
1,G4,0.001,200,0.011,0.008,0.002,27.174,,,,,,,,,,,,,
 ,G5, , ,0.006, , , ,,,,,,,,,,,,,
 ,G6, , ,0.008, , , ,,,,,,,,,,,,,
Group Summaries,,,,,,,,,,,,,,,,,,,,
~End ,,,,,,,,,,,,,,,,,,,,
Group: Group07,,,,,,,,,,,,,,,,,,,,
Sample,Well,ara,atc ng/mL,Values,MeanValue,Std.Dev.,CV%,,,,,,,,,,,,,
1,G7,0.01,200,0.005,0.007,0.002,26.548,,,,,,,,,,,,,
 ,G8, , ,0.008, , , ,,,,,,,,,,,,,
 ,G9, , ,0.007, , , ,,,,,,,,,,,,,
Group Summaries,,,,,,,,,,,,,,,,,,,,
~End ,,,,,,,,,,,,,,,,,,,,
Group: Group08,,,,,,,,,,,,,,,,,,,,
Sample,Well,ara,atc,Values,MeanValue,Std.Dev.,CV%,,,,,,,,,,,,,
1,G10,0.1,200,0.011,0.005,0.006,134.484,,,,,,,,,,,,,
 ,G11, , ,0.005, , , ,,,,,,,,,,,,,
 ,G12, , ,-0.002, , , ,,,,,,,,,,,,,
Group Summaries,,,,,,,,,,,,,,,,,,,,
~End ,,,,,,,,,,,,,,,,,,,,
Group: NC0;0,,,,,,,,,,,,,,,,,,,,
Sample,Well,ara,atc ng/mL,Values,MeanValue,Std.Dev.,CV%,,,,,,,,,,,,,
1,B1,0.1,0,0.008,0.01,0.002,19.433,,,,,,,,,,,,,
 ,B2, , ,0.012, , , ,,,,,,,,,,,,,
 ,B3, , ,0.01, , , ,,,,,,,,,,,,,
Group Summaries,,,,,,,,,,,,,,,,,,,,
~End ,,,,,,,,,,,,,,,,,,,,
Group: NC 0.001;0,,,,,,,,,,,,,,,,,,,,
Sample,Well,ara,atc ng/mL,Values,MeanValue,Std.Dev.,CV%,,,,,,,,,,,,,
1,B4,0.001,0,0.01,0.011,0.001,6.43,,,,,,,,,,,,,
 ,B5, , ,0.012, , , ,,,,,,,,,,,,,
 ,B6, , ,0.011, , , ,,,,,,,,,,,,,
Group Summaries,,,,,,,,,,,,,,,,,,,,
~End ,,,,,,,,,,,,,,,,,,,,
Group: NC 0.01;0,,,,,,,,,,,,,,,,,,,,
Sample,Well,ara,atc ng/mL,Values,MeanValue,Std.Dev.,CV%,,,,,,,,,,,,,
1,B7,0.01,0,0.003,0.01,0.006,62.295,,,,,,,,,,,,,
 ,B8, , ,0.015, , , ,,,,,,,,,,,,,
 ,B9, , ,0.012, , , ,,,,,,,,,,,,,
Group Summaries,,,,,,,,,,,,,,,,,,,,
~End ,,,,,,,,,,,,,,,,,,,,
Group: NC 0.1;0,,,,,,,,,,,,,,,,,,,,
Sample,Well,ara,atc ng/mL,Values,MeanValue,Std.Dev.,CV%,,,,,,,,,,,,,
1,B10,0.1,0,0.012,0.011,0.002,16.421,,,,,,,,,,,,,
 ,B11, , ,0.009, , , ,,,,,,,,,,,,,
 ,B12, , ,0.012, , , ,,,,,,,,,,,,,
Group Summaries,,,,,,,,,,,,,,,,,,,,
~End ,,,,,,,,,,,,,,,,,,,,
Group: NC0.0;200,,,,,,,,,,,,,,,,,,,,
Sample,Well,ara,atc ng/mL,Values,MeanValue,Std.Dev.,CV%,,,,,,,,,,,,,
1,C1,0,200,0.009,0.011,0.002,19.105,,,,,,,,,,,,,
 ,C2, , ,0.012, , , ,,,,,,,,,,,,,
 ,C3, , ,0.012, , , ,,,,,,,,,,,,,
Group Summaries,,,,,,,,,,,,,,,,,,,,
~End ,,,,,,,,,,,,,,,,,,,,
Group: NC0.001;200,,,,,,,,,,,,,,,,,,,,
Sample,Well,ara,atc ng/mL,Values,MeanValue,Std.Dev.,CV%,,,,,,,,,,,,,
1,C4,0.001,200,0.015,0.013,0.002,17.794,,,,,,,,,,,,,
 ,C5, , ,0.011, , , ,,,,,,,,,,,,,
 ,C6, , ,0.012, , , ,,,,,,,,,,,,,
Group Summaries,,,,,,,,,,,,,,,,,,,,
~End ,,,,,,,,,,,,,,,,,,,,
Group: NC0.01;200,,,,,,,,,,,,,,,,,,,,
Sample,Well,ara,atc ng/mL,Values,MeanValue,Std.Dev.,CV%,,,,,,,,,,,,,
1,C7,0.01,200,0.007,0.011,0.005,40.967,,,,,,,,,,,,,
 ,C8, , ,0.011, , , ,,,,,,,,,,,,,
 ,C9, , ,0.016, , , ,,,,,,,,,,,,,
Group Summaries,,,,,,,,,,,,,,,,,,,,
~End ,,,,,,,,,,,,,,,,,,,,
Group: NC0.1;200,,,,,,,,,,,,,,,,,,,,
Sample,Well,ara,atc,Values,MeanValue,Std.Dev.,CV%,,,,,,,,,,,,,
1,C10,0.1,200,0.011,0.011,0.001,7.262,,,,,,,,,,,,,
 ,C11, , ,0.012, , , ,,,,,,,,,,,,,
 ,C12, , ,0.011, , , ,,,,,,,,,,,,,
Group Summaries,,,,,,,,,,,,,,,,,,,,
~End ,,,,,,,,,,,,,,,,,,,,
Group: s0;0,,,,,,,,,,,,,,,,,,,,
Sample,Well,ara,atc ng/mL,Values,MeanValue,Std.Dev.,CV%,,,,,,,,,,,,,
1,D1,0,0,0.003,0.005,0.003,51.153,,,,,,,,,,,,,
 ,D2, , ,0.006, , , ,,,,,,,,,,,,,
 ,D3, , ,0.008, , , ,,,,,,,,,,,,,
Group Summaries,,,,,,,,,,,,,,,,,,,,
~End ,,,,,,,,,,,,,,,,,,,,
Group: s0.001;0,,,,,,,,,,,,,,,,,,,,
Sample,Well,ara,atc ng/mL,Values,MeanValue,Std.Dev.,CV%,,,,,,,,,,,,,
1,D4,0.001,0,0.007,0.008,0.001,15.939,,,,,,,,,,,,,
 ,D5, , ,0.007, , , ,,,,,,,,,,,,,
 ,D6, , ,0.009, , , ,,,,,,,,,,,,,
Group Summaries,,,,,,,,,,,,,,,,,,,,
~End ,,,,,,,,,,,,,,,,,,,,
Group: s0.01;0,,,,,,,,,,,,,,,,,,,,
Sample,Well,ara,atc ng/mL,Values,MeanValue,Std.Dev.,CV%,,,,,,,,,,,,,
1,D7,0.01,0,0.003,0.007,0.004,61.607,,,,,,,,,,,,,
 ,D8, , ,0.011, , , ,,,,,,,,,,,,,
 ,D9, , ,0.007, , , ,,,,,,,,,,,,,
Group Summaries,,,,,,,,,,,,,,,,,,,,
~End ,,,,,,,,,,,,,,,,,,,,
Group: s0.1;0,,,,,,,,,,,,,,,,,,,,
Sample,Well,ara,atc ng/mL,Values,MeanValue,Std.Dev.,CV%,,,,,,,,,,,,,
1,D10,0.1,0,0.007,0.009,0.003,35.528,,,,,,,,,,,,,
 ,D11, , ,0.007, , , ,,,,,,,,,,,,,
 ,D12, , ,0.013, , , ,,,,,,,,,,,,,
Group Summaries,,,,,,,,,,,,,,,,,,,,
~End ,,,,,,,,,,,,,,,,,,,,
Group: s0.0;200,,,,,,,,,,,,,,,,,,,,
Sample,Well,ara,atc ng/mL,Values,MeanValue,Std.Dev.,CV%,,,,,,,,,,,,,
1,E1,0,200,0.003,0.008,0.004,50.135,,,,,,,,,,,,,
 ,E2, , ,0.01, , , ,,,,,,,,,,,,,
 ,E3, , ,0.01, , , ,,,,,,,,,,,,,
Group Summaries,,,,,,,,,,,,,,,,,,,,
~End ,,,,,,,,,,,,,,,,,,,,
Group: s0.001;200,,,,,,,,,,,,,,,,,,,,
Sample,Well,ara,atc ng/mL,Values,MeanValue,Std.Dev.,CV%,,,,,,,,,,,,,
1,E4,0.001,200,0.007,0.01,0.004,42.036,,,,,,,,,,,,,
 ,E5, , ,0.009, , , ,,,,,,,,,,,,,
 ,E6, , ,0.015, , , ,,,,,,,,,,,,,
Group Summaries,,,,,,,,,,,,,,,,,,,,
~End ,,,,,,,,,,,,,,,,,,,,
Group: s0.01;200,,,,,,,,,,,,,,,,,,,,
Sample,Well,ara,atc ng/mL,Values,MeanValue,Std.Dev.,CV%,,,,,,,,,,,,,
1,E7,0.01,200,0.005,0.01,0.004,37.896,,,,,,,,,,,,,
 ,E8, , ,0.012, , , ,,,,,,,,,,,,,
 ,E9, , ,0.011, , , ,,,,,,,,,,,,,
Group Summaries,,,,,,,,,,,,,,,,,,,,
~End ,,,,,,,,,,,,,,,,,,,,
Group: s0.1;200,,,,,,,,,,,,,,,,,,,,
Sample,Well,ara,atc,Values,MeanValue,Std.Dev.,CV%,,,,,,,,,,,,,
1,E10,0.1,200,0.009,0.011,0.002,15.229,,,,,,,,,,,,,
 ,E11, , ,0.011, , , ,,,,,,,,,,,,,
 ,E12, , ,0.013, , , ,,,,,,,,,,,,,
Group Summaries,,,,,,,,,,,,,,,,,,,,
~End ,,,,,,,,,,,,,,,,,,,,
Group: 4b,,,,,,,,,,,,,,,,,,,,
Sample,Well,Concentration,Values,MeanValue,Std.Dev.,CV%,,,,,,,,,,,,,,
1,G4,0, , , , ,,,,,,,,,,,,,,
 ,G5, , , , , ,,,,,,,,,,,,,,
 ,G6, , , , , ,,,,,,,,,,,,,,
Group Summaries,,,,,,,,,,,,,,,,,,,,
~End ,,,,,,,,,,,,,,,,,,,,
Group: 6a,,,,,,,,,,,,,,,,,,,,
Sample,Well,Concentration,Values,MeanValue,Std.Dev.,CV%,,,,,,,,,,,,,,
1,G7,0, , , , ,,,,,,,,,,,,,,
 ,G8, , , , , ,,,,,,,,,,,,,,
 ,G9, , , , , ,,,,,,,,,,,,,,
Group Summaries,,,,,,,,,,,,,,,,,,,,
~End ,,,,,,,,,,,,,,,,,,,,
Group: 8a,,,,,,,,,,,,,,,,,,,,
Sample,Well,Concentration,Values,MeanValue,Std.Dev.,CV%,,,,,,,,,,,,,,
1,G10,0, , , , ,,,,,,,,,,,,,,
 ,G11, , , , , ,,,,,,,,,,,,,,
 ,G12, , , , , ,,,,,,,,,,,,,,
Group Summaries,,,,,,,,,,,,,,,,,,,,
~End ,,,,,,,,,,,,,,,,,,,,
Plate:,Plate1,1.3,PlateFormat,Endpoint,Absorbance,Raw,FALSE,1,,,,,,1,405,1,12,96,1,8
,Temperature(¡C),1,2,3,4,5,6,7,8,9,10,11,12,,,,,,,
,37,-0.001766666667,0.001433333333,0.0003333333333,-0.1194666667,-0.1194666667,-0.1195666667,-0.1195666667,-0.1193666667,-0.1196666667,-0.1192666667,-0.1193666667,-0.1194666667,,,,,,,
,,0.04373333333,0.05063333333,0.04673333333,0.04913333333,0.04843333333,0.04703333333,0.03763333333,0.05103333333,0.04723333333,0.04573333333,0.04123333333,0.04383333333,,,,,,,
,,0.03913333333,0.04573333333,0.04473333333,0.04913333333,0.04293333333,0.04583333333,0.03903333333,0.04433333333,0.05033333333,0.04233333333,0.04323333333,0.04273333333,,,,,,,
,,0.04393333333,0.04853333333,0.05053333333,0.04923333333,0.05123333333,0.05273333333,0.04383333333,0.05463333333,0.04933333333,0.04873333333,0.04613333333,0.04853333333,,,,,,,
,,0.03573333333,0.04503333333,0.04463333333,0.03993333333,0.04333333333,0.04593333333,0.03833333333,0.04723333333,0.04443333333,0.04073333333,0.04333333333,0.04123333333,,,,,,,
,,0.03363333333,0.04013333333,0.03913333333,0.04013333333,0.04023333333,0.04303333333,0.04373333333,0.03413333333,0.03873333333,0.03723333333,0.03793333333,0.03763333333,,,,,,,
,,0.02343333333,0.02623333333,0.02413333333,0.02913333333,0.02433333333,0.02623333333,0.02183333333,0.02573333333,0.02443333333,0.02903333333,0.01993333333,0.01333333333,,,,,,,
,,-0.1206666667,-0.1207666667,-0.1204666667,-0.1203666667,-0.1204666667,-0.1204666667,-0.1201666667,-0.1205666667,-0.1205666667,-0.1205666667,-0.1203666667,-0.1202666667,,,,,,,
,,,,,,,,,,,,,,,,,,,,
~End,,,,,,,,,,,,,,,,,,,,
Group: Group01,,,,,,,,,,,,,,,,,,,,
Sample,Well,ara,atc ng/mL,Values,MeanValue,Std.Dev.,CV%,,,,,,,,,,,,,
1,F1,0,0,0.034,0.038,0.004,9.3,,,,,,,,,,,,,
 ,F2, , ,0.04, , , ,,,,,,,,,,,,,
 ,F3, , ,0.039, , , ,,,,,,,,,,,,,
Group Summaries,,,,,,,,,,,,,,,,,,,,
~End ,,,,,,,,,,,,,,,,,,,,
Group: Group02,,,,,,,,,,,,,,,,,,,,
Sample,Well,ara,atc ng/mL,Values,MeanValue,Std.Dev.,CV%,,,,,,,,,,,,,
1,F4,0.001,0,0.04,0.041,0.002,4.002,,,,,,,,,,,,,
 ,F5, , ,0.04, , , ,,,,,,,,,,,,,
 ,F6, , ,0.043, , , ,,,,,,,,,,,,,
Group Summaries,,,,,,,,,,,,,,,,,,,,
~End ,,,,,,,,,,,,,,,,,,,,
Group: Group03,,,,,,,,,,,,,,,,,,,,
Sample,Well,ara,atc ng/mL,Values,MeanValue,Std.Dev.,CV%,,,,,,,,,,,,,
1,F7,0.01,0,0.044,0.039,0.005,12.353,,,,,,,,,,,,,
 ,F8, , ,0.034, , , ,,,,,,,,,,,,,
 ,F9, , ,0.039, , , ,,,,,,,,,,,,,
Group Summaries,,,,,,,,,,,,,,,,,,,,
~End ,,,,,,,,,,,,,,,,,,,,
Group: Group04,,,,,,,,,,,,,,,,,,,,
Sample,Well,ara,atc ng/mL,Values,MeanValue,Std.Dev.,CV%,,,,,,,,,,,,,
1,F10,0.1,0,0.037,0.038,0,0.934,,,,,,,,,,,,,
 ,F11, , ,0.038, , , ,,,,,,,,,,,,,
 ,F12, , ,0.038, , , ,,,,,,,,,,,,,
Group Summaries,,,,,,,,,,,,,,,,,,,,
~End ,,,,,,,,,,,,,,,,,,,,
Group: Group05,,,,,,,,,,,,,,,,,,,,
Sample,Well,ara,atc ng/mL,Values,MeanValue,Std.Dev.,CV%,,,,,,,,,,,,,
1,G1,0,200,0.023,0.025,0.001,5.923,,,,,,,,,,,,,
 ,G2, , ,0.026, , , ,,,,,,,,,,,,,
 ,G3, , ,0.024, , , ,,,,,,,,,,,,,
Group Summaries,,,,,,,,,,,,,,,,,,,,
~End ,,,,,,,,,,,,,,,,,,,,
Group: Group06,,,,,,,,,,,,,,,,,,,,
Sample,Well,ara,atc ng/mL,Values,MeanValue,Std.Dev.,CV%,,,,,,,,,,,,,
1,G4,0.001,200,0.029,0.027,0.002,9.099,,,,,,,,,,,,,
 ,G5, , ,0.024, , , ,,,,,,,,,,,,,
 ,G6, , ,0.026, , , ,,,,,,,,,,,,,
Group Summaries,,,,,,,,,,,,,,,,,,,,
~End ,,,,,,,,,,,,,,,,,,,,
Group: Group07,,,,,,,,,,,,,,,,,,,,
Sample,Well,ara,atc ng/mL,Values,MeanValue,Std.Dev.,CV%,,,,,,,,,,,,,
1,G7,0.01,200,0.022,0.024,0.002,8.274,,,,,,,,,,,,,
 ,G8, , ,0.026, , , ,,,,,,,,,,,,,
 ,G9, , ,0.024, , , ,,,,,,,,,,,,,
Group Summaries,,,,,,,,,,,,,,,,,,,,
~End ,,,,,,,,,,,,,,,,,,,,
Group: Group08,,,,,,,,,,,,,,,,,,,,
Sample,Well,ara,atc,Values,MeanValue,Std.Dev.,CV%,,,,,,,,,,,,,
1,G10,0.1,200,0.029,0.021,0.008,37.96,,,,,,,,,,,,,
 ,G11, , ,0.02, , , ,,,,,,,,,,,,,
 ,G12, , ,0.013, , , ,,,,,,,,,,,,,
Group Summaries,,,,,,,,,,,,,,,,,,,,
~End ,,,,,,,,,,,,,,,,,,,,
Group: NC0;0,,,,,,,,,,,,,,,,,,,,
Sample,Well,ara,atc ng/mL,Values,MeanValue,Std.Dev.,CV%,,,,,,,,,,,,,
1,B1,0.1,0,0.044,0.047,0.003,7.356,,,,,,,,,,,,,
 ,B2, , ,0.051, , , ,,,,,,,,,,,,,
 ,B3, , ,0.047, , , ,,,,,,,,,,,,,
Group Summaries,,,,,,,,,,,,,,,,,,,,
~End ,,,,,,,,,,,,,,,,,,,,
Group: NC 0.001;0,,,,,,,,,,,,,,,,,,,,
Sample,Well,ara,atc ng/mL,Values,MeanValue,Std.Dev.,CV%,,,,,,,,,,,,,
1,B4,0.001,0,0.049,0.048,0.001,2.218,,,,,,,,,,,,,
 ,B5, , ,0.048, , , ,,,,,,,,,,,,,
 ,B6, , ,0.047, , , ,,,,,,,,,,,,,
Group Summaries,,,,,,,,,,,,,,,,,,,,
~End ,,,,,,,,,,,,,,,,,,,,
Group: NC 0.01;0,,,,,,,,,,,,,,,,,,,,
Sample,Well,ara,atc ng/mL,Values,MeanValue,Std.Dev.,CV%,,,,,,,,,,,,,
1,B7,0.01,0,0.038,0.045,0.007,15.245,,,,,,,,,,,,,
 ,B8, , ,0.051, , , ,,,,,,,,,,,,,
 ,B9, , ,0.047, , , ,,,,,,,,,,,,,
Group Summaries,,,,,,,,,,,,,,,,,,,,
~End ,,,,,,,,,,,,,,,,,,,,
Group: NC 0.1;0,,,,,,,,,,,,,,,,,,,,
Sample,Well,ara,atc ng/mL,Values,MeanValue,Std.Dev.,CV%,,,,,,,,,,,,,
1,B10,0.1,0,0.046,0.044,0.002,5.181,,,,,,,,,,,,,
 ,B11, , ,0.041, , , ,,,,,,,,,,,,,
 ,B12, , ,0.044, , , ,,,,,,,,,,,,,
Group Summaries,,,,,,,,,,,,,,,,,,,,
~End ,,,,,,,,,,,,,,,,,,,,
Group: NC0.0;200,,,,,,,,,,,,,,,,,,,,
Sample,Well,ara,atc ng/mL,Values,MeanValue,Std.Dev.,CV%,,,,,,,,,,,,,
1,C1,0,200,0.039,0.043,0.004,8.234,,,,,,,,,,,,,
 ,C2, , ,0.046, , , ,,,,,,,,,,,,,
 ,C3, , ,0.045, , , ,,,,,,,,,,,,,
Group Summaries,,,,,,,,,,,,,,,,,,,,
~End ,,,,,,,,,,,,,,,,,,,,
Group: NC0.001;200,,,,,,,,,,,,,,,,,,,,
Sample,Well,ara,atc ng/mL,Values,MeanValue,Std.Dev.,CV%,,,,,,,,,,,,,
1,C4,0.001,200,0.049,0.046,0.003,6.749,,,,,,,,,,,,,
 ,C5, , ,0.043, , , ,,,,,,,,,,,,,
 ,C6, , ,0.046, , , ,,,,,,,,,,,,,
Group Summaries,,,,,,,,,,,,,,,,,,,,
~End ,,,,,,,,,,,,,,,,,,,,
Group: NC0.01;200,,,,,,,,,,,,,,,,,,,,
Sample,Well,ara,atc ng/mL,Values,MeanValue,Std.Dev.,CV%,,,,,,,,,,,,,
1,C7,0.01,200,0.039,0.045,0.006,12.686,,,,,,,,,,,,,
 ,C8, , ,0.044, , , ,,,,,,,,,,,,,
 ,C9, , ,0.05, , , ,,,,,,,,,,,,,
Group Summaries,,,,,,,,,,,,,,,,,,,,
~End ,,,,,,,,,,,,,,,,,,,,
Group: NC0.1;200,,,,,,,,,,,,,,,,,,,,
Sample,Well,ara,atc,Values,MeanValue,Std.Dev.,CV%,,,,,,,,,,,,,
1,C10,0.1,200,0.042,0.043,0,1.054,,,,,,,,,,,,,
 ,C11, , ,0.043, , , ,,,,,,,,,,,,,
 ,C12, , ,0.043, , , ,,,,,,,,,,,,,
Group Summaries,,,,,,,,,,,,,,,,,,,,
~End ,,,,,,,,,,,,,,,,,,,,
Group: s0;0,,,,,,,,,,,,,,,,,,,,
Sample,Well,ara,atc ng/mL,Values,MeanValue,Std.Dev.,CV%,,,,,,,,,,,,,
1,D1,0,0,0.044,0.048,0.003,7.1,,,,,,,,,,,,,
 ,D2, , ,0.049, , , ,,,,,,,,,,,,,
 ,D3, , ,0.051, , , ,,,,,,,,,,,,,
Group Summaries,,,,,,,,,,,,,,,,,,,,
~End ,,,,,,,,,,,,,,,,,,,,
Group: s0.001;0,,,,,,,,,,,,,,,,,,,,
Sample,Well,ara,atc ng/mL,Values,MeanValue,Std.Dev.,CV%,,,,,,,,,,,,,
1,D4,0.001,0,0.049,0.051,0.002,3.439,,,,,,,,,,,,,
 ,D5, , ,0.051, , , ,,,,,,,,,,,,,
 ,D6, , ,0.053, , , ,,,,,,,,,,,,,
Group Summaries,,,,,,,,,,,,,,,,,,,,
~End ,,,,,,,,,,,,,,,,,,,,
Group: s0.01;0,,,,,,,,,,,,,,,,,,,,
Sample,Well,ara,atc ng/mL,Values,MeanValue,Std.Dev.,CV%,,,,,,,,,,,,,
1,D7,0.01,0,0.044,0.049,0.005,10.961,,,,,,,,,,,,,
 ,D8, , ,0.055, , , ,,,,,,,,,,,,,
 ,D9, , ,0.049, , , ,,,,,,,,,,,,,
Group Summaries,,,,,,,,,,,,,,,,,,,,
~End ,,,,,,,,,,,,,,,,,,,,
Group: s0.1;0,,,,,,,,,,,,,,,,,,,,
Sample,Well,ara,atc ng/mL,Values,MeanValue,Std.Dev.,CV%,,,,,,,,,,,,,
1,D10,0.1,0,0.049,0.048,0.001,3.027,,,,,,,,,,,,,
 ,D11, , ,0.046, , , ,,,,,,,,,,,,,
 ,D12, , ,0.049, , , ,,,,,,,,,,,,,
Group Summaries,,,,,,,,,,,,,,,,,,,,
~End ,,,,,,,,,,,,,,,,,,,,
Group: s0.0;200,,,,,,,,,,,,,,,,,,,,
Sample,Well,ara,atc ng/mL,Values,MeanValue,Std.Dev.,CV%,,,,,,,,,,,,,
1,E1,0,200,0.036,0.042,0.005,12.578,,,,,,,,,,,,,
 ,E2, , ,0.045, , , ,,,,,,,,,,,,,
 ,E3, , ,0.045, , , ,,,,,,,,,,,,,
Group Summaries,,,,,,,,,,,,,,,,,,,,
~End ,,,,,,,,,,,,,,,,,,,,
Group: s0.001;200,,,,,,,,,,,,,,,,,,,,
Sample,Well,ara,atc ng/mL,Values,MeanValue,Std.Dev.,CV%,,,,,,,,,,,,,
1,E4,0.001,200,0.04,0.043,0.003,6.987,,,,,,,,,,,,,
 ,E5, , ,0.043, , , ,,,,,,,,,,,,,
 ,E6, , ,0.046, , , ,,,,,,,,,,,,,
Group Summaries,,,,,,,,,,,,,,,,,,,,
~End ,,,,,,,,,,,,,,,,,,,,
Group: s0.01;200,,,,,,,,,,,,,,,,,,,,
Sample,Well,ara,atc ng/mL,Values,MeanValue,Std.Dev.,CV%,,,,,,,,,,,,,
1,E7,0.01,200,0.038,0.043,0.005,10.502,,,,,,,,,,,,,
 ,E8, , ,0.047, , , ,,,,,,,,,,,,,
 ,E9, , ,0.044, , , ,,,,,,,,,,,,,
Group Summaries,,,,,,,,,,,,,,,,,,,,
~End ,,,,,,,,,,,,,,,,,,,,
Group: s0.1;200,,,,,,,,,,,,,,,,,,,,
Sample,Well,ara,atc,Values,MeanValue,Std.Dev.,CV%,,,,,,,,,,,,,
1,E10,0.1,200,0.041,0.042,0.001,3.303,,,,,,,,,,,,,
 ,E11, , ,0.043, , , ,,,,,,,,,,,,,
 ,E12, , ,0.041, , , ,,,,,,,,,,,,,
Group Summaries,,,,,,,,,,,,,,,,,,,,
~End ,,,,,,,,,,,,,,,,,,,,
Plate:,Plate1,1.3,PlateFormat,Endpoint,Absorbance,Raw,FALSE,1,,,,,,1,600,1,12,96,1,8
,Temperature(¡C),1,2,3,4,5,6,7,8,9,10,11,12,,,,,,,
,37,-0.0002,0,0.0002,-0.0066,-0.0065,-0.0067,-0.0065,-0.0064,-0.0067,-0.0064,-0.0065,-0.0065,,,,,,,
,,0.1564,0.1625,0.1589,0.1676,0.166,0.1643,0.1534,0.1676,0.1636,0.1585,0.1482,0.1422,,,,,,,
,,0.1417,0.1536,0.1494,0.1548,0.1495,0.154,0.1457,0.1501,0.1569,0.1467,0.1461,0.1316,,,,,,,
,,0.1679,0.1714,0.1744,0.1747,0.1787,0.1802,0.1533,0.1624,0.1597,0.1376,0.1335,0.1275,,,,,,,
,,0.1455,0.1552,0.1551,0.1505,0.1576,0.1612,0.1558,0.156,0.1543,0.1486,0.1475,0.139,,,,,,,
,,0.1456,0.1524,0.1492,0.1545,0.1567,0.1593,0.1568,0.1463,0.1524,0.1374,0.1366,0.1304,,,,,,,
,,0.0565,0.0573,0.0563,0.0591,0.0566,0.0572,0.0541,0.0562,0.0568,0.0556,0.0506,0.0499,,,,,,,
,,-0.0067,-0.0069,-0.0067,-0.0067,-0.0063,-0.0065,-0.0067,-0.0069,-0.006,-0.0064,-0.0067,-0.0066,,,,,,,
,,,,,,,,,,,,,,,,,,,,
~End,,,,,,,,,,,,,,,,,,,,
Group: Group01,,,,,,,,,,,,,,,,,,,,
Sample,Well,ara,atc ng/mL,Values,MeanValue,Std.Dev.,CV%,,,,,,,,,,,,,
1,F1,0,0,0.146,0.149,0.003,2.282,,,,,,,,,,,,,
 ,F2, , ,0.152, , , ,,,,,,,,,,,,,
 ,F3, , ,0.149, , , ,,,,,,,,,,,,,
Group Summaries,,,,,,,,,,,,,,,,,,,,
~End ,,,,,,,,,,,,,,,,,,,,
Group: Group02,,,,,,,,,,,,,,,,,,,,
Sample,Well,ara,atc ng/mL,Values,MeanValue,Std.Dev.,CV%,,,,,,,,,,,,,
1,F4,0.001,0,0.155,0.157,0.002,1.532,,,,,,,,,,,,,
 ,F5, , ,0.157, , , ,,,,,,,,,,,,,
 ,F6, , ,0.159, , , ,,,,,,,,,,,,,
Group Summaries,,,,,,,,,,,,,,,,,,,,
~End ,,,,,,,,,,,,,,,,,,,,
Group: Group03,,,,,,,,,,,,,,,,,,,,
Sample,Well,ara,atc ng/mL,Values,MeanValue,Std.Dev.,CV%,,,,,,,,,,,,,
1,F7,0.01,0,0.157,0.152,0.005,3.473,,,,,,,,,,,,,
 ,F8, , ,0.146, , , ,,,,,,,,,,,,,
 ,F9, , ,0.152, , , ,,,,,,,,,,,,,
Group Summaries,,,,,,,,,,,,,,,,,,,,
~End ,,,,,,,,,,,,,,,,,,,,
Group: Group04,,,,,,,,,,,,,,,,,,,,
Sample,Well,ara,atc ng/mL,Values,MeanValue,Std.Dev.,CV%,,,,,,,,,,,,,
1,F10,0.1,0,0.137,0.135,0.004,2.842,,,,,,,,,,,,,
 ,F11, , ,0.137, , , ,,,,,,,,,,,,,
 ,F12, , ,0.13, , , ,,,,,,,,,,,,,
Group Summaries,,,,,,,,,,,,,,,,,,,,
~End ,,,,,,,,,,,,,,,,,,,,
Group: Group05,,,,,,,,,,,,,,,,,,,,
Sample,Well,ara,atc ng/mL,Values,MeanValue,Std.Dev.,CV%,,,,,,,,,,,,,
1,G1,0,200,0.057,0.057,0.001,0.933,,,,,,,,,,,,,
 ,G2, , ,0.057, , , ,,,,,,,,,,,,,
 ,G3, , ,0.056, , , ,,,,,,,,,,,,,
Group Summaries,,,,,,,,,,,,,,,,,,,,
~End ,,,,,,,,,,,,,,,,,,,,
Group: Group06,,,,,,,,,,,,,,,,,,,,
Sample,Well,ara,atc ng/mL,Values,MeanValue,Std.Dev.,CV%,,,,,,,,,,,,,
1,G4,0.001,200,0.059,0.058,0.001,2.265,,,,,,,,,,,,,
 ,G5, , ,0.057, , , ,,,,,,,,,,,,,
 ,G6, , ,0.057, , , ,,,,,,,,,,,,,
Group Summaries,,,,,,,,,,,,,,,,,,,,
~End ,,,,,,,,,,,,,,,,,,,,
Group: Group07,,,,,,,,,,,,,,,,,,,,
Sample,Well,ara,atc ng/mL,Values,MeanValue,Std.Dev.,CV%,,,,,,,,,,,,,
1,G7,0.01,200,0.054,0.056,0.001,2.545,,,,,,,,,,,,,
 ,G8, , ,0.056, , , ,,,,,,,,,,,,,
 ,G9, , ,0.057, , , ,,,,,,,,,,,,,
Group Summaries,,,,,,,,,,,,,,,,,,,,
~End ,,,,,,,,,,,,,,,,,,,,
Group: Group08,,,,,,,,,,,,,,,,,,,,
Sample,Well,ara,atc,Values,MeanValue,Std.Dev.,CV%,,,,,,,,,,,,,
1,G10,0.1,200,0.056,0.052,0.003,5.974,,,,,,,,,,,,,
 ,G11, , ,0.051, , , ,,,,,,,,,,,,,
 ,G12, , ,0.05, , , ,,,,,,,,,,,,,
Group Summaries,,,,,,,,,,,,,,,,,,,,
~End ,,,,,,,,,,,,,,,,,,,,
Group: NC0;0,,,,,,,,,,,,,,,,,,,,
Sample,Well,ara,atc ng/mL,Values,MeanValue,Std.Dev.,CV%,,,,,,,,,,,,,
1,B1,0.1,0,0.156,0.159,0.003,1.925,,,,,,,,,,,,,
 ,B2, , ,0.163, , , ,,,,,,,,,,,,,
 ,B3, , ,0.159, , , ,,,,,,,,,,,,,
Group Summaries,,,,,,,,,,,,,,,,,,,,
~End ,,,,,,,,,,,,,,,,,,,,
Group: NC 0.001;0,,,,,,,,,,,,,,,,,,,,
Sample,Well,ara,atc ng/mL,Values,MeanValue,Std.Dev.,CV%,,,,,,,,,,,,,
1,B4,0.001,0,0.168,0.166,0.002,0.994,,,,,,,,,,,,,
 ,B5, , ,0.166, , , ,,,,,,,,,,,,,
 ,B6, , ,0.164, , , ,,,,,,,,,,,,,
Group Summaries,,,,,,,,,,,,,,,,,,,,
~End ,,,,,,,,,,,,,,,,,,,,
Group: NC 0.01;0,,,,,,,,,,,,,,,,,,,,
Sample,Well,ara,atc ng/mL,Values,MeanValue,Std.Dev.,CV%,,,,,,,,,,,,,
1,B7,0.01,0,0.153,0.162,0.007,4.533,,,,,,,,,,,,,
 ,B8, , ,0.168, , , ,,,,,,,,,,,,,
 ,B9, , ,0.164, , , ,,,,,,,,,,,,,
Group Summaries,,,,,,,,,,,,,,,,,,,,
~End ,,,,,,,,,,,,,,,,,,,,
Group: NC 0.1;0,,,,,,,,,,,,,,,,,,,,
Sample,Well,ara,atc ng/mL,Values,MeanValue,Std.Dev.,CV%,,,,,,,,,,,,,
1,B10,0.1,0,0.159,0.15,0.008,5.509,,,,,,,,,,,,,
 ,B11, , ,0.148, , , ,,,,,,,,,,,,,
 ,B12, , ,0.142, , , ,,,,,,,,,,,,,
Group Summaries,,,,,,,,,,,,,,,,,,,,
~End ,,,,,,,,,,,,,,,,,,,,
Group: NC0.0;200,,,,,,,,,,,,,,,,,,,,
Sample,Well,ara,atc ng/mL,Values,MeanValue,Std.Dev.,CV%,,,,,,,,,,,,,
1,C1,0,200,0.142,0.148,0.006,4.071,,,,,,,,,,,,,
 ,C2, , ,0.154, , , ,,,,,,,,,,,,,
 ,C3, , ,0.149, , , ,,,,,,,,,,,,,
Group Summaries,,,,,,,,,,,,,,,,,,,,
~End ,,,,,,,,,,,,,,,,,,,,
Group: NC0.001;200,,,,,,,,,,,,,,,,,,,,
Sample,Well,ara,atc ng/mL,Values,MeanValue,Std.Dev.,CV%,,,,,,,,,,,,,
1,C4,0.001,200,0.155,0.153,0.003,1.87,,,,,,,,,,,,,
 ,C5, , ,0.15, , , ,,,,,,,,,,,,,
 ,C6, , ,0.154, , , ,,,,,,,,,,,,,
Group Summaries,,,,,,,,,,,,,,,,,,,,
~End ,,,,,,,,,,,,,,,,,,,,
Group: NC0.01;200,,,,,,,,,,,,,,,,,,,,
Sample,Well,ara,atc ng/mL,Values,MeanValue,Std.Dev.,CV%,,,,,,,,,,,,,
1,C7,0.01,200,0.146,0.151,0.006,3.739,,,,,,,,,,,,,
 ,C8, , ,0.15, , , ,,,,,,,,,,,,,
 ,C9, , ,0.157, , , ,,,,,,,,,,,,,
Group Summaries,,,,,,,,,,,,,,,,,,,,
~End ,,,,,,,,,,,,,,,,,,,,
Group: NC0.1;200,,,,,,,,,,,,,,,,,,,,
Sample,Well,ara,atc,Values,MeanValue,Std.Dev.,CV%,,,,,,,,,,,,,
1,C10,0.1,200,0.147,0.141,0.009,6.044,,,,,,,,,,,,,
 ,C11, , ,0.146, , , ,,,,,,,,,,,,,
 ,C12, , ,0.132, , , ,,,,,,,,,,,,,
Group Summaries,,,,,,,,,,,,,,,,,,,,
~End ,,,,,,,,,,,,,,,,,,,,
Group: s0;0,,,,,,,,,,,,,,,,,,,,
Sample,Well,ara,atc ng/mL,Values,MeanValue,Std.Dev.,CV%,,,,,,,,,,,,,
1,D1,0,0,0.168,0.171,0.003,1.9,,,,,,,,,,,,,
 ,D2, , ,0.171, , , ,,,,,,,,,,,,,
 ,D3, , ,0.174, , , ,,,,,,,,,,,,,
Group Summaries,,,,,,,,,,,,,,,,,,,,
~End ,,,,,,,,,,,,,,,,,,,,
Group: s0.001;0,,,,,,,,,,,,,,,,,,,,
Sample,Well,ara,atc ng/mL,Values,MeanValue,Std.Dev.,CV%,,,,,,,,,,,,,
1,D4,0.001,0,0.175,0.178,0.003,1.598,,,,,,,,,,,,,
 ,D5, , ,0.179, , , ,,,,,,,,,,,,,
 ,D6, , ,0.18, , , ,,,,,,,,,,,,,
Group Summaries,,,,,,,,,,,,,,,,,,,,
~End ,,,,,,,,,,,,,,,,,,,,
Group: s0.01;0,,,,,,,,,,,,,,,,,,,,
Sample,Well,ara,atc ng/mL,Values,MeanValue,Std.Dev.,CV%,,,,,,,,,,,,,
1,D7,0.01,0,0.153,0.158,0.005,2.949,,,,,,,,,,,,,
 ,D8, , ,0.162, , , ,,,,,,,,,,,,,
 ,D9, , ,0.16, , , ,,,,,,,,,,,,,
Group Summaries,,,,,,,,,,,,,,,,,,,,
~End ,,,,,,,,,,,,,,,,,,,,
Group: s0.1;0,,,,,,,,,,,,,,,,,,,,
Sample,Well,ara,atc ng/mL,Values,MeanValue,Std.Dev.,CV%,,,,,,,,,,,,,
1,D10,0.1,0,0.138,0.133,0.005,3.823,,,,,,,,,,,,,
 ,D11, , ,0.134, , , ,,,,,,,,,,,,,
 ,D12, , ,0.128, , , ,,,,,,,,,,,,,
Group Summaries,,,,,,,,,,,,,,,,,,,,
~End ,,,,,,,,,,,,,,,,,,,,
Group: s0.0;200,,,,,,,,,,,,,,,,,,,,
Sample,Well,ara,atc ng/mL,Values,MeanValue,Std.Dev.,CV%,,,,,,,,,,,,,
1,E1,0,200,0.146,0.152,0.006,3.667,,,,,,,,,,,,,
 ,E2, , ,0.155, , , ,,,,,,,,,,,,,
 ,E3, , ,0.155, , , ,,,,,,,,,,,,,
Group Summaries,,,,,,,,,,,,,,,,,,,,
~End ,,,,,,,,,,,,,,,,,,,,
Group: s0.001;200,,,,,,,,,,,,,,,,,,,,
Sample,Well,ara,atc ng/mL,Values,MeanValue,Std.Dev.,CV%,,,,,,,,,,,,,
1,E4,0.001,200,0.151,0.156,0.005,3.48,,,,,,,,,,,,,
 ,E5, , ,0.158, , , ,,,,,,,,,,,,,
 ,E6, , ,0.161, , , ,,,,,,,,,,,,,
Group Summaries,,,,,,,,,,,,,,,,,,,,
~End ,,,,,,,,,,,,,,,,,,,,
Group: s0.01;200,,,,,,,,,,,,,,,,,,,,
Sample,Well,ara,atc ng/mL,Values,MeanValue,Std.Dev.,CV%,,,,,,,,,,,,,
1,E7,0.01,200,0.156,0.155,0.001,0.598,,,,,,,,,,,,,
 ,E8, , ,0.156, , , ,,,,,,,,,,,,,
 ,E9, , ,0.154, , , ,,,,,,,,,,,,,
Group Summaries,,,,,,,,,,,,,,,,,,,,
~End ,,,,,,,,,,,,,,,,,,,,
Group: s0.1;200,,,,,,,,,,,,,,,,,,,,
Sample,Well,ara,atc,Values,MeanValue,Std.Dev.,CV%,,,,,,,,,,,,,
1,E10,0.1,200,0.149,0.145,0.005,3.623,,,,,,,,,,,,,
 ,E11, , ,0.148, , , ,,,,,,,,,,,,,
 ,E12, , ,0.139, , , ,,,,,,,,,,,,,
Group Summaries,,,,,,,,,,,,,,,,,,,,
~End ,,,,,,,,,,,,,,,,,,,,
Plate:,Plate1,1.3,PlateFormat,Endpoint,Absorbance,Raw,FALSE,1,,,,,,1,600,1,12,96,1,8
,Temperature(¡C),1,2,3,4,5,6,7,8,9,10,11,12,,,,,,,
,37,-0.0003,0,0.0003,-0.0067,-0.0067,-0.0068,-0.0066,-0.0066,-0.0068,-0.0065,-0.0065,-0.0065,,,,,,,
,,0.5503,0.5678,0.5577,0.572,0.5779,0.5779,0.5244,0.5651,0.5584,0.5327,0.509,0.5328,,,,,,,
,,0.5042,0.523,0.517,0.5279,0.5148,0.5331,0.4868,0.494,0.5132,0.4874,0.4988,0.4799,,,,,,,
,,0.5603,0.5795,0.5848,0.2625,0.2669,0.2691,0.1646,0.1739,0.1699,0.1537,0.1504,0.1478,,,,,,,
,,0.5007,0.5346,0.5317,0.5116,0.4211,0.4328,0.2588,0.2692,0.2665,0.2544,0.2568,0.2503,,,,,,,
,,0.4845,0.509,0.4965,0.2347,0.2314,0.2353,0.1533,0.1437,0.1493,0.1178,0.1166,0.1166,,,,,,,
,,0.1842,0.1884,0.186,0.1921,0.1879,0.1885,0.1815,0.1878,0.1874,0.1846,0.1714,0.1621,,,,,,,
,,-0.0068,-0.0069,-0.0069,-0.0068,-0.0064,-0.0066,-0.0067,-0.0069,-0.0062,-0.0065,-0.0068,-0.0066,,,,,,,
,,,,,,,,,,,,,,,,,,,,
~End,,,,,,,,,,,,,,,,,,,,
Group: Group01,,,,,,,,,,,,,,,,,,,,
Sample,Well,ara,atc ng/mL,Values,MeanValue,Std.Dev.,CV%,,,,,,,,,,,,,
1,F1,0,0,0.485,0.497,0.012,2.467,,,,,,,,,,,,,
 ,F2, , ,0.509, , , ,,,,,,,,,,,,,
 ,F3, , ,0.497, , , ,,,,,,,,,,,,,
Group Summaries,,,,,,,,,,,,,,,,,,,,
~End ,,,,,,,,,,,,,,,,,,,,
Group: Group02,,,,,,,,,,,,,,,,,,,,
Sample,Well,ara,atc ng/mL,Values,MeanValue,Std.Dev.,CV%,,,,,,,,,,,,,
1,F4,0.001,0,0.235,0.234,0.002,0.898,,,,,,,,,,,,,
 ,F5, , ,0.231, , , ,,,,,,,,,,,,,
 ,F6, , ,0.235, , , ,,,,,,,,,,,,,
Group Summaries,,,,,,,,,,,,,,,,,,,,
~End ,,,,,,,,,,,,,,,,,,,,
Group: Group03,,,,,,,,,,,,,,,,,,,,
Sample,Well,ara,atc ng/mL,Values,MeanValue,Std.Dev.,CV%,,,,,,,,,,,,,
1,F7,0.01,0,0.153,0.149,0.005,3.241,,,,,,,,,,,,,
 ,F8, , ,0.144, , , ,,,,,,,,,,,,,
 ,F9, , ,0.149, , , ,,,,,,,,,,,,,
Group Summaries,,,,,,,,,,,,,,,,,,,,
~End ,,,,,,,,,,,,,,,,,,,,
Group: Group04,,,,,,,,,,,,,,,,,,,,
Sample,Well,ara,atc ng/mL,Values,MeanValue,Std.Dev.,CV%,,,,,,,,,,,,,
1,F10,0.1,0,0.118,0.117,0.001,0.592,,,,,,,,,,,,,
 ,F11, , ,0.117, , , ,,,,,,,,,,,,,
 ,F12, , ,0.117, , , ,,,,,,,,,,,,,
Group Summaries,,,,,,,,,,,,,,,,,,,,
~End ,,,,,,,,,,,,,,,,,,,,
Group: Group05,,,,,,,,,,,,,,,,,,,,
Sample,Well,ara,atc ng/mL,Values,MeanValue,Std.Dev.,CV%,,,,,,,,,,,,,
1,G1,0,200,0.184,0.186,0.002,1.132,,,,,,,,,,,,,
 ,G2, , ,0.188, , , ,,,,,,,,,,,,,
 ,G3, , ,0.186, , , ,,,,,,,,,,,,,
Group Summaries,,,,,,,,,,,,,,,,,,,,
~End ,,,,,,,,,,,,,,,,,,,,
Group: Group06,,,,,,,,,,,,,,,,,,,,
Sample,Well,ara,atc ng/mL,Values,MeanValue,Std.Dev.,CV%,,,,,,,,,,,,,
1,G4,0.001,200,0.192,0.19,0.002,1.199,,,,,,,,,,,,,
 ,G5, , ,0.188, , , ,,,,,,,,,,,,,
 ,G6, , ,0.189, , , ,,,,,,,,,,,,,
Group Summaries,,,,,,,,,,,,,,,,,,,,
~End ,,,,,,,,,,,,,,,,,,,,
Group: Group07,,,,,,,,,,,,,,,,,,,,
Sample,Well,ara,atc ng/mL,Values,MeanValue,Std.Dev.,CV%,,,,,,,,,,,,,
1,G7,0.01,200,0.181,0.186,0.004,1.901,,,,,,,,,,,,,
 ,G8, , ,0.188, , , ,,,,,,,,,,,,,
 ,G9, , ,0.187, , , ,,,,,,,,,,,,,
Group Summaries,,,,,,,,,,,,,,,,,,,,
~End ,,,,,,,,,,,,,,,,,,,,
Group: Group08,,,,,,,,,,,,,,,,,,,,
Sample,Well,ara,atc,Values,MeanValue,Std.Dev.,CV%,,,,,,,,,,,,,
1,G10,0.1,200,0.185,0.173,0.011,6.547,,,,,,,,,,,,,
 ,G11, , ,0.171, , , ,,,,,,,,,,,,,
 ,G12, , ,0.162, , , ,,,,,,,,,,,,,
Group Summaries,,,,,,,,,,,,,,,,,,,,
~End ,,,,,,,,,,,,,,,,,,,,
Group: NC0;0,,,,,,,,,,,,,,,,,,,,
Sample,Well,ara,atc ng/mL,Values,MeanValue,Std.Dev.,CV%,,,,,,,,,,,,,
1,B1,0.1,0,0.55,0.559,0.009,1.573,,,,,,,,,,,,,
 ,B2, , ,0.568, , , ,,,,,,,,,,,,,
 ,B3, , ,0.558, , , ,,,,,,,,,,,,,
Group Summaries,,,,,,,,,,,,,,,,,,,,
~End ,,,,,,,,,,,,,,,,,,,,
Group: NC 0.001;0,,,,,,,,,,,,,,,,,,,,
Sample,Well,ara,atc ng/mL,Values,MeanValue,Std.Dev.,CV%,,,,,,,,,,,,,
1,B4,0.001,0,0.572,0.576,0.003,0.591,,,,,,,,,,,,,
 ,B5, , ,0.578, , , ,,,,,,,,,,,,,
 ,B6, , ,0.578, , , ,,,,,,,,,,,,,
Group Summaries,,,,,,,,,,,,,,,,,,,,
~End ,,,,,,,,,,,,,,,,,,,,
Group: NC 0.01;0,,,,,,,,,,,,,,,,,,,,
Sample,Well,ara,atc ng/mL,Values,MeanValue,Std.Dev.,CV%,,,,,,,,,,,,,
1,B7,0.01,0,0.524,0.549,0.022,3.973,,,,,,,,,,,,,
 ,B8, , ,0.565, , , ,,,,,,,,,,,,,
 ,B9, , ,0.558, , , ,,,,,,,,,,,,,
Group Summaries,,,,,,,,,,,,,,,,,,,,
~End ,,,,,,,,,,,,,,,,,,,,
Group: NC 0.1;0,,,,,,,,,,,,,,,,,,,,
Sample,Well,ara,atc ng/mL,Values,MeanValue,Std.Dev.,CV%,,,,,,,,,,,,,
1,B10,0.1,0,0.533,0.525,0.014,2.613,,,,,,,,,,,,,
 ,B11, , ,0.509, , , ,,,,,,,,,,,,,
 ,B12, , ,0.533, , , ,,,,,,,,,,,,,
Group Summaries,,,,,,,,,,,,,,,,,,,,
~End ,,,,,,,,,,,,,,,,,,,,
Group: NC0.0;200,,,,,,,,,,,,,,,,,,,,
Sample,Well,ara,atc ng/mL,Values,MeanValue,Std.Dev.,CV%,,,,,,,,,,,,,
1,C1,0,200,0.504,0.515,0.01,1.866,,,,,,,,,,,,,
 ,C2, , ,0.523, , , ,,,,,,,,,,,,,
 ,C3, , ,0.517, , , ,,,,,,,,,,,,,
Group Summaries,,,,,,,,,,,,,,,,,,,,
~End ,,,,,,,,,,,,,,,,,,,,
Group: NC0.001;200,,,,,,,,,,,,,,,,,,,,
Sample,Well,ara,atc ng/mL,Values,MeanValue,Std.Dev.,CV%,,,,,,,,,,,,,
1,C4,0.001,200,0.528,0.525,0.009,1.795,,,,,,,,,,,,,
 ,C5, , ,0.515, , , ,,,,,,,,,,,,,
 ,C6, , ,0.533, , , ,,,,,,,,,,,,,
Group Summaries,,,,,,,,,,,,,,,,,,,,
~End ,,,,,,,,,,,,,,,,,,,,
Group: NC0.01;200,,,,,,,,,,,,,,,,,,,,
Sample,Well,ara,atc ng/mL,Values,MeanValue,Std.Dev.,CV%,,,,,,,,,,,,,
1,C7,0.01,200,0.487,0.498,0.014,2.74,,,,,,,,,,,,,
 ,C8, , ,0.494, , , ,,,,,,,,,,,,,
 ,C9, , ,0.513, , , ,,,,,,,,,,,,,
Group Summaries,,,,,,,,,,,,,,,,,,,,
~End ,,,,,,,,,,,,,,,,,,,,
Group: NC0.1;200,,,,,,,,,,,,,,,,,,,,
Sample,Well,ara,atc,Values,MeanValue,Std.Dev.,CV%,,,,,,,,,,,,,
1,C10,0.1,200,0.487,0.489,0.01,1.947,,,,,,,,,,,,,
 ,C11, , ,0.499, , , ,,,,,,,,,,,,,
 ,C12, , ,0.48, , , ,,,,,,,,,,,,,
Group Summaries,,,,,,,,,,,,,,,,,,,,
~End ,,,,,,,,,,,,,,,,,,,,
Group: s0;0,,,,,,,,,,,,,,,,,,,,
Sample,Well,ara,atc ng/mL,Values,MeanValue,Std.Dev.,CV%,,,,,,,,,,,,,
1,D1,0,0,0.56,0.575,0.013,2.242,,,,,,,,,,,,,
 ,D2, , ,0.58, , , ,,,,,,,,,,,,,
 ,D3, , ,0.585, , , ,,,,,,,,,,,,,
Group Summaries,,,,,,,,,,,,,,,,,,,,
~End ,,,,,,,,,,,,,,,,,,,,
Group: s0.001;0,,,,,,,,,,,,,,,,,,,,
Sample,Well,ara,atc ng/mL,Values,MeanValue,Std.Dev.,CV%,,,,,,,,,,,,,
1,D4,0.001,0,0.263,0.266,0.003,1.263,,,,,,,,,,,,,
 ,D5, , ,0.267, , , ,,,,,,,,,,,,,
 ,D6, , ,0.269, , , ,,,,,,,,,,,,,
Group Summaries,,,,,,,,,,,,,,,,,,,,
~End ,,,,,,,,,,,,,,,,,,,,
Group: s0.01;0,,,,,,,,,,,,,,,,,,,,
Sample,Well,ara,atc ng/mL,Values,MeanValue,Std.Dev.,CV%,,,,,,,,,,,,,
1,D7,0.01,0,0.165,0.169,0.005,2.753,,,,,,,,,,,,,
 ,D8, , ,0.174, , , ,,,,,,,,,,,,,
 ,D9, , ,0.17, , , ,,,,,,,,,,,,,
Group Summaries,,,,,,,,,,,,,,,,,,,,
~End ,,,,,,,,,,,,,,,,,,,,
Group: s0.1;0,,,,,,,,,,,,,,,,,,,,
Sample,Well,ara,atc ng/mL,Values,MeanValue,Std.Dev.,CV%,,,,,,,,,,,,,
1,D10,0.1,0,0.154,0.151,0.003,1.963,,,,,,,,,,,,,
 ,D11, , ,0.15, , , ,,,,,,,,,,,,,
 ,D12, , ,0.148, , , ,,,,,,,,,,,,,
Group Summaries,,,,,,,,,,,,,,,,,,,,
~End ,,,,,,,,,,,,,,,,,,,,
Group: s0.0;200,,,,,,,,,,,,,,,,,,,,
Sample,Well,ara,atc ng/mL,Values,MeanValue,Std.Dev.,CV%,,,,,,,,,,,,,
1,E1,0,200,0.501,0.522,0.019,3.598,,,,,,,,,,,,,
 ,E2, , ,0.535, , , ,,,,,,,,,,,,,
 ,E3, , ,0.532, , , ,,,,,,,,,,,,,
Group Summaries,,,,,,,,,,,,,,,,,,,,
~End ,,,,,,,,,,,,,,,,,,,,
Group: s0.001;200,,,,,,,,,,,,,,,,,,,,
Sample,Well,ara,atc ng/mL,Values,MeanValue,Std.Dev.,CV%,,,,,,,,,,,,,
1,E4,0.001,200,0.512,0.455,0.049,10.814,,,,,,,,,,,,,
 ,E5, , ,0.421, , , ,,,,,,,,,,,,,
 ,E6, , ,0.433, , , ,,,,,,,,,,,,,
Group Summaries,,,,,,,,,,,,,,,,,,,,
~End ,,,,,,,,,,,,,,,,,,,,
Group: s0.01;200,,,,,,,,,,,,,,,,,,,,
Sample,Well,ara,atc ng/mL,Values,MeanValue,Std.Dev.,CV%,,,,,,,,,,,,,
1,E7,0.01,200,0.259,0.265,0.005,2.038,,,,,,,,,,,,,
 ,E8, , ,0.269, , , ,,,,,,,,,,,,,
 ,E9, , ,0.267, , , ,,,,,,,,,,,,,
Group Summaries,,,,,,,,,,,,,,,,,,,,
~End ,,,,,,,,,,,,,,,,,,,,
Group: s0.1;200,,,,,,,,,,,,,,,,,,,,
Sample,Well,ara,atc,Values,MeanValue,Std.Dev.,CV%,,,,,,,,,,,,,
1,E10,0.1,200,0.254,0.254,0.003,1.295,,,,,,,,,,,,,
 ,E11, , ,0.257, , , ,,,,,,,,,,,,,
 ,E12, , ,0.25, , , ,,,,,,,,,,,,,
Group Summaries,,,,,,,,,,,,,,,,,,,,
~End ,,,,,,,,,,,,,,,,,,,,
Plate:,Plate1,1.3,PlateFormat,Endpoint,Absorbance,Raw,FALSE,1,,,,,,1,600,1,12,96,1,8
,Temperature(¡C),1,2,3,4,5,6,7,8,9,10,11,12,,,,,,,
,37,-0.0002666666667,-6.67E-05,0.0003333333333,-0.006666666667,-0.006766666667,-0.006866666667,-0.006766666667,-0.006666666667,-0.006766666667,-0.006566666667,-0.006566666667,-0.006566666667,,,,,,,
,,0.8316333333,0.8581333333,0.8448333333,0.8487333333,0.8509333333,0.8546333333,0.8242333333,0.8671333333,0.8582333333,0.7359333333,0.7109333333,0.7474333333,,,,,,,
,,0.8006333333,0.8270333333,0.8231333333,0.8356333333,0.8182333333,0.8305333333,0.8078333333,0.8232333333,0.8478333333,0.7253333333,0.7337333333,0.7207333333,,,,,,,
,,0.8180333333,0.8347333333,0.8418333333,0.3192333333,0.3272333333,0.3292333333,0.1671333333,0.1771333333,0.1723333333,0.1526333333,0.1497333333,0.1424333333,,,,,,,
,,0.7896333333,0.8242333333,0.8218333333,0.8037333333,0.6769333333,0.6881333333,0.3389333333,0.3699333333,0.3633333333,0.3064333333,0.3124333333,0.2988333333,,,,,,,
,,0.7884333333,0.8132333333,0.8096333333,0.2123333333,0.2094333333,0.2110333333,0.1399333333,0.1308333333,0.1360333333,0.1062333333,0.1046333333,0.1049333333,,,,,,,
,,0.3112333333,0.3181333333,0.3149333333,0.3203333333,0.3116333333,0.3138333333,0.2663333333,0.2731333333,0.2706333333,0.2359333333,0.2207333333,0.2093333333,,,,,,,
,,-0.006866666667,-0.006966666667,-0.006866666667,-0.006866666667,-0.006466666667,-0.006666666667,-0.006766666667,-0.007066666667,-0.006266666667,-0.006566666667,-0.006866666667,-0.006666666667,,,,,,,
,,,,,,,,,,,,,,,,,,,,
~End,,,,,,,,,,,,,,,,,,,,
Group: Group01,,,,,,,,,,,,,,,,,,,,
Sample,Well,ara,atc ng/mL,Values,MeanValue,Std.Dev.,CV%,,,,,,,,,,,,,
1,F1,0,0,0.788,0.804,0.013,1.667,,,,,,,,,,,,,
 ,F2, , ,0.813, , , ,,,,,,,,,,,,,
 ,F3, , ,0.81, , , ,,,,,,,,,,,,,
Group Summaries,,,,,,,,,,,,,,,,,,,,
~End ,,,,,,,,,,,,,,,,,,,,
Group: Group02,,,,,,,,,,,,,,,,,,,,
Sample,Well,ara,atc ng/mL,Values,MeanValue,Std.Dev.,CV%,,,,,,,,,,,,,
1,F4,0.001,0,0.212,0.211,0.001,0.689,,,,,,,,,,,,,
 ,F5, , ,0.209, , , ,,,,,,,,,,,,,
 ,F6, , ,0.211, , , ,,,,,,,,,,,,,
Group Summaries,,,,,,,,,,,,,,,,,,,,
~End ,,,,,,,,,,,,,,,,,,,,
Group: Group03,,,,,,,,,,,,,,,,,,,,
Sample,Well,ara,atc ng/mL,Values,MeanValue,Std.Dev.,CV%,,,,,,,,,,,,,
1,F7,0.01,0,0.14,0.136,0.005,3.367,,,,,,,,,,,,,
 ,F8, , ,0.131, , , ,,,,,,,,,,,,,
 ,F9, , ,0.136, , , ,,,,,,,,,,,,,
Group Summaries,,,,,,,,,,,,,,,,,,,,
~End ,,,,,,,,,,,,,,,,,,,,
Group: Group04,,,,,,,,,,,,,,,,,,,,
Sample,Well,ara,atc ng/mL,Values,MeanValue,Std.Dev.,CV%,,,,,,,,,,,,,
1,F10,0.1,0,0.106,0.105,0.001,0.808,,,,,,,,,,,,,
 ,F11, , ,0.105, , , ,,,,,,,,,,,,,
 ,F12, , ,0.105, , , ,,,,,,,,,,,,,
Group Summaries,,,,,,,,,,,,,,,,,,,,
~End ,,,,,,,,,,,,,,,,,,,,
Group: Group05,,,,,,,,,,,,,,,,,,,,
Sample,Well,ara,atc ng/mL,Values,MeanValue,Std.Dev.,CV%,,,,,,,,,,,,,
1,G1,0,200,0.311,0.315,0.003,1.097,,,,,,,,,,,,,
 ,G2, , ,0.318, , , ,,,,,,,,,,,,,
 ,G3, , ,0.315, , , ,,,,,,,,,,,,,
Group Summaries,,,,,,,,,,,,,,,,,,,,
~End ,,,,,,,,,,,,,,,,,,,,
Group: Group06,,,,,,,,,,,,,,,,,,,,
Sample,Well,ara,atc ng/mL,Values,MeanValue,Std.Dev.,CV%,,,,,,,,,,,,,
1,G4,0.001,200,0.32,0.315,0.005,1.435,,,,,,,,,,,,,
 ,G5, , ,0.312, , , ,,,,,,,,,,,,,
 ,G6, , ,0.314, , , ,,,,,,,,,,,,,
Group Summaries,,,,,,,,,,,,,,,,,,,,
~End ,,,,,,,,,,,,,,,,,,,,
Group: Group07,,,,,,,,,,,,,,,,,,,,
Sample,Well,ara,atc ng/mL,Values,MeanValue,Std.Dev.,CV%,,,,,,,,,,,,,
1,G7,0.01,200,0.266,0.27,0.003,1.274,,,,,,,,,,,,,
 ,G8, , ,0.273, , , ,,,,,,,,,,,,,
 ,G9, , ,0.271, , , ,,,,,,,,,,,,,
Group Summaries,,,,,,,,,,,,,,,,,,,,
~End ,,,,,,,,,,,,,,,,,,,,
Group: Group08,,,,,,,,,,,,,,,,,,,,
Sample,Well,ara,atc,Values,MeanValue,Std.Dev.,CV%,,,,,,,,,,,,,
1,G10,0.1,200,0.236,0.222,0.013,6.011,,,,,,,,,,,,,
 ,G11, , ,0.221, , , ,,,,,,,,,,,,,
 ,G12, , ,0.209, , , ,,,,,,,,,,,,,
Group Summaries,,,,,,,,,,,,,,,,,,,,
~End ,,,,,,,,,,,,,,,,,,,,
Group: NC0;0,,,,,,,,,,,,,,,,,,,,
Sample,Well,ara,atc ng/mL,Values,MeanValue,Std.Dev.,CV%,,,,,,,,,,,,,
1,B1,0.1,0,0.832,0.845,0.013,1.568,,,,,,,,,,,,,
 ,B2, , ,0.858, , , ,,,,,,,,,,,,,
 ,B3, , ,0.845, , , ,,,,,,,,,,,,,
Group Summaries,,,,,,,,,,,,,,,,,,,,
~End ,,,,,,,,,,,,,,,,,,,,
Group: NC 0.001;0,,,,,,,,,,,,,,,,,,,,
Sample,Well,ara,atc ng/mL,Values,MeanValue,Std.Dev.,CV%,,,,,,,,,,,,,
1,B4,0.001,0,0.849,0.851,0.003,0.35,,,,,,,,,,,,,
 ,B5, , ,0.851, , , ,,,,,,,,,,,,,
 ,B6, , ,0.855, , , ,,,,,,,,,,,,,
Group Summaries,,,,,,,,,,,,,,,,,,,,
~End ,,,,,,,,,,,,,,,,,,,,
Group: NC 0.01;0,,,,,,,,,,,,,,,,,,,,
Sample,Well,ara,atc ng/mL,Values,MeanValue,Std.Dev.,CV%,,,,,,,,,,,,,
1,B7,0.01,0,0.824,0.85,0.023,2.664,,,,,,,,,,,,,
 ,B8, , ,0.867, , , ,,,,,,,,,,,,,
 ,B9, , ,0.858, , , ,,,,,,,,,,,,,
Group Summaries,,,,,,,,,,,,,,,,,,,,
~End ,,,,,,,,,,,,,,,,,,,,
Group: NC 0.1;0,,,,,,,,,,,,,,,,,,,,
Sample,Well,ara,atc ng/mL,Values,MeanValue,Std.Dev.,CV%,,,,,,,,,,,,,
1,B10,0.1,0,0.736,0.731,0.019,2.551,,,,,,,,,,,,,
 ,B11, , ,0.711, , , ,,,,,,,,,,,,,
 ,B12, , ,0.747, , , ,,,,,,,,,,,,,
Group Summaries,,,,,,,,,,,,,,,,,,,,
~End ,,,,,,,,,,,,,,,,,,,,
Group: NC0.0;200,,,,,,,,,,,,,,,,,,,,
Sample,Well,ara,atc ng/mL,Values,MeanValue,Std.Dev.,CV%,,,,,,,,,,,,,
1,C1,0,200,0.801,0.817,0.014,1.744,,,,,,,,,,,,,
 ,C2, , ,0.827, , , ,,,,,,,,,,,,,
 ,C3, , ,0.823, , , ,,,,,,,,,,,,,
Group Summaries,,,,,,,,,,,,,,,,,,,,
~End ,,,,,,,,,,,,,,,,,,,,
Group: NC0.001;200,,,,,,,,,,,,,,,,,,,,
Sample,Well,ara,atc ng/mL,Values,MeanValue,Std.Dev.,CV%,,,,,,,,,,,,,
1,C4,0.001,200,0.836,0.828,0.009,1.08,,,,,,,,,,,,,
 ,C5, , ,0.818, , , ,,,,,,,,,,,,,
 ,C6, , ,0.831, , , ,,,,,,,,,,,,,
Group Summaries,,,,,,,,,,,,,,,,,,,,
~End ,,,,,,,,,,,,,,,,,,,,
Group: NC0.01;200,,,,,,,,,,,,,,,,,,,,
Sample,Well,ara,atc ng/mL,Values,MeanValue,Std.Dev.,CV%,,,,,,,,,,,,,
1,C7,0.01,200,0.808,0.826,0.02,2.442,,,,,,,,,,,,,
 ,C8, , ,0.823, , , ,,,,,,,,,,,,,
 ,C9, , ,0.848, , , ,,,,,,,,,,,,,
Group Summaries,,,,,,,,,,,,,,,,,,,,
~End ,,,,,,,,,,,,,,,,,,,,
Group: NC0.1;200,,,,,,,,,,,,,,,,,,,,
Sample,Well,ara,atc,Values,MeanValue,Std.Dev.,CV%,,,,,,,,,,,,,
1,C10,0.1,200,0.725,0.727,0.007,0.907,,,,,,,,,,,,,
 ,C11, , ,0.734, , , ,,,,,,,,,,,,,
 ,C12, , ,0.721, , , ,,,,,,,,,,,,,
Group Summaries,,,,,,,,,,,,,,,,,,,,
~End ,,,,,,,,,,,,,,,,,,,,
Group: s0;0,,,,,,,,,,,,,,,,,,,,
Sample,Well,ara,atc ng/mL,Values,MeanValue,Std.Dev.,CV%,,,,,,,,,,,,,
1,D1,0,0,0.818,0.832,0.012,1.469,,,,,,,,,,,,,
 ,D2, , ,0.835, , , ,,,,,,,,,,,,,
 ,D3, , ,0.842, , , ,,,,,,,,,,,,,
Group Summaries,,,,,,,,,,,,,,,,,,,,
~End ,,,,,,,,,,,,,,,,,,,,
Group: s0.001;0,,,,,,,,,,,,,,,,,,,,
Sample,Well,ara,atc ng/mL,Values,MeanValue,Std.Dev.,CV%,,,,,,,,,,,,,
1,D4,0.001,0,0.319,0.325,0.005,1.627,,,,,,,,,,,,,
 ,D5, , ,0.327, , , ,,,,,,,,,,,,,
 ,D6, , ,0.329, , , ,,,,,,,,,,,,,
Group Summaries,,,,,,,,,,,,,,,,,,,,
~End ,,,,,,,,,,,,,,,,,,,,
Group: s0.01;0,,,,,,,,,,,,,,,,,,,,
Sample,Well,ara,atc ng/mL,Values,MeanValue,Std.Dev.,CV%,,,,,,,,,,,,,
1,D7,0.01,0,0.167,0.172,0.005,2.904,,,,,,,,,,,,,
 ,D8, , ,0.177, , , ,,,,,,,,,,,,,
 ,D9, , ,0.172, , , ,,,,,,,,,,,,,
Group Summaries,,,,,,,,,,,,,,,,,,,,
~End ,,,,,,,,,,,,,,,,,,,,
Group: s0.1;0,,,,,,,,,,,,,,,,,,,,
Sample,Well,ara,atc ng/mL,Values,MeanValue,Std.Dev.,CV%,,,,,,,,,,,,,
1,D10,0.1,0,0.153,0.148,0.005,3.545,,,,,,,,,,,,,
 ,D11, , ,0.15, , , ,,,,,,,,,,,,,
 ,D12, , ,0.142, , , ,,,,,,,,,,,,,
Group Summaries,,,,,,,,,,,,,,,,,,,,
~End ,,,,,,,,,,,,,,,,,,,,
Group: s0.0;200,,,,,,,,,,,,,,,,,,,,
Sample,Well,ara,atc ng/mL,Values,MeanValue,Std.Dev.,CV%,,,,,,,,,,,,,
1,E1,0,200,0.79,0.812,0.019,2.38,,,,,,,,,,,,,
 ,E2, , ,0.824, , , ,,,,,,,,,,,,,
 ,E3, , ,0.822, , , ,,,,,,,,,,,,,
Group Summaries,,,,,,,,,,,,,,,,,,,,
~End ,,,,,,,,,,,,,,,,,,,,
Group: s0.001;200,,,,,,,,,,,,,,,,,,,,
Sample,Well,ara,atc ng/mL,Values,MeanValue,Std.Dev.,CV%,,,,,,,,,,,,,
1,E4,0.001,200,0.804,0.723,0.07,9.71,,,,,,,,,,,,,
 ,E5, , ,0.677, , , ,,,,,,,,,,,,,
 ,E6, , ,0.688, , , ,,,,,,,,,,,,,
Group Summaries,,,,,,,,,,,,,,,,,,,,
~End ,,,,,,,,,,,,,,,,,,,,
Group: s0.01;200,,,,,,,,,,,,,,,,,,,,
Sample,Well,ara,atc ng/mL,Values,MeanValue,Std.Dev.,CV%,,,,,,,,,,,,,
1,E7,0.01,200,0.339,0.357,0.016,4.569,,,,,,,,,,,,,
 ,E8, , ,0.37, , , ,,,,,,,,,,,,,
 ,E9, , ,0.363, , , ,,,,,,,,,,,,,
Group Summaries,,,,,,,,,,,,,,,,,,,,
~End ,,,,,,,,,,,,,,,,,,,,
Group: s0.1;200,,,,,,,,,,,,,,,,,,,,
Sample,Well,ara,atc,Values,MeanValue,Std.Dev.,CV%,,,,,,,,,,,,,
1,E10,0.1,200,0.306,0.306,0.007,2.228,,,,,,,,,,,,,
 ,E11, , ,0.312, , , ,,,,,,,,,,,,,
 ,E12, , ,0.299, , , ,,,,,,,,,,,,,
Group Summaries,,,,,,,,,,,,,,,,,,,,
~End ,,,,,,,,,,,,,,,,,,,,
Plate:,Plate1,1.3,PlateFormat,Endpoint,Absorbance,Raw,FALSE,1,,,,,,1,600,1,12,96,1,8
,Temperature(¡C),1,2,3,4,5,6,7,8,9,10,11,12,,,,,,,
,37,-0.0004,0,0.0004,-0.0066,-0.0067,-0.0069,-0.0067,-0.0067,-0.0069,-0.0064,-0.0066,-0.0066,,,,,,,
,,0.9771,1.0154,0.9938,0.9913,0.9817,0.9839,0.9723,1.0205,1.0063,0.9446,0.9156,0.9351,,,,,,,
,,0.9725,1.0009,1.0019,1.0173,0.9984,0.9994,0.9847,1.0092,1.0405,0.9257,0.9317,0.911,,,,,,,
,,0.9199,0.9412,0.9503,0.4155,0.4174,0.4207,0.1809,0.1897,0.1879,0.1543,0.1504,0.1359,,,,,,,
,,0.9309,0.9665,0.9689,0.9549,0.8994,0.9041,0.4998,0.5854,0.5711,0.3668,0.3733,0.341,,,,,,,
,,0.9471,0.9714,0.9765,0.1834,0.1843,0.1853,0.1285,0.1198,0.1245,0.0975,0.0964,0.0949,,,,,,,
,,0.5398,0.5605,0.5567,0.5412,0.5206,0.5261,0.2966,0.3029,0.2995,0.2455,0.2317,0.2177,,,,,,,
,,-0.0069,-0.0069,-0.0069,-0.0069,-0.0065,-0.0067,-0.0068,-0.0071,-0.0062,-0.0065,-0.0068,-0.0067,,,,,,,
,,,,,,,,,,,,,,,,,,,,
~End,,,,,,,,,,,,,,,,,,,,
Group: Group01,,,,,,,,,,,,,,,,,,,,
Sample,Well,ara,atc ng/mL,Values,MeanValue,Std.Dev.,CV%,,,,,,,,,,,,,
1,F1,0,0,0.947,0.965,0.016,1.628,,,,,,,,,,,,,
 ,F2, , ,0.971, , , ,,,,,,,,,,,,,
 ,F3, , ,0.976, , , ,,,,,,,,,,,,,
Group Summaries,,,,,,,,,,,,,,,,,,,,
~End ,,,,,,,,,,,,,,,,,,,,
Group: Group02,,,,,,,,,,,,,,,,,,,,
Sample,Well,ara,atc ng/mL,Values,MeanValue,Std.Dev.,CV%,,,,,,,,,,,,,
1,F4,0.001,0,0.183,0.184,0.001,0.516,,,,,,,,,,,,,
 ,F5, , ,0.184, , , ,,,,,,,,,,,,,
 ,F6, , ,0.185, , , ,,,,,,,,,,,,,
Group Summaries,,,,,,,,,,,,,,,,,,,,
~End ,,,,,,,,,,,,,,,,,,,,
Group: Group03,,,,,,,,,,,,,,,,,,,,
Sample,Well,ara,atc ng/mL,Values,MeanValue,Std.Dev.,CV%,,,,,,,,,,,,,
1,F7,0.01,0,0.129,0.124,0.004,3.504,,,,,,,,,,,,,
 ,F8, , ,0.12, , , ,,,,,,,,,,,,,
 ,F9, , ,0.125, , , ,,,,,,,,,,,,,
Group Summaries,,,,,,,,,,,,,,,,,,,,
~End ,,,,,,,,,,,,,,,,,,,,
Group: Group04,,,,,,,,,,,,,,,,,,,,
Sample,Well,ara,atc ng/mL,Values,MeanValue,Std.Dev.,CV%,,,,,,,,,,,,,
1,F10,0.1,0,0.098,0.096,0.001,1.356,,,,,,,,,,,,,
 ,F11, , ,0.096, , , ,,,,,,,,,,,,,
 ,F12, , ,0.095, , , ,,,,,,,,,,,,,
Group Summaries,,,,,,,,,,,,,,,,,,,,
~End ,,,,,,,,,,,,,,,,,,,,
Group: Group05,,,,,,,,,,,,,,,,,,,,
Sample,Well,ara,atc ng/mL,Values,MeanValue,Std.Dev.,CV%,,,,,,,,,,,,,
1,G1,0,200,0.54,0.552,0.011,1.995,,,,,,,,,,,,,
 ,G2, , ,0.561, , , ,,,,,,,,,,,,,
 ,G3, , ,0.557, , , ,,,,,,,,,,,,,
Group Summaries,,,,,,,,,,,,,,,,,,,,
~End ,,,,,,,,,,,,,,,,,,,,
Group: Group06,,,,,,,,,,,,,,,,,,,,
Sample,Well,ara,atc ng/mL,Values,MeanValue,Std.Dev.,CV%,,,,,,,,,,,,,
1,G4,0.001,200,0.541,0.529,0.011,2.015,,,,,,,,,,,,,
 ,G5, , ,0.521, , , ,,,,,,,,,,,,,
 ,G6, , ,0.526, , , ,,,,,,,,,,,,,
Group Summaries,,,,,,,,,,,,,,,,,,,,
~End ,,,,,,,,,,,,,,,,,,,,
Group: Group07,,,,,,,,,,,,,,,,,,,,
Sample,Well,ara,atc ng/mL,Values,MeanValue,Std.Dev.,CV%,,,,,,,,,,,,,
1,G7,0.01,200,0.297,0.3,0.003,1.052,,,,,,,,,,,,,
 ,G8, , ,0.303, , , ,,,,,,,,,,,,,
 ,G9, , ,0.3, , , ,,,,,,,,,,,,,
Group Summaries,,,,,,,,,,,,,,,,,,,,
~End ,,,,,,,,,,,,,,,,,,,,
Group: Group08,,,,,,,,,,,,,,,,,,,,
Sample,Well,ara,atc,Values,MeanValue,Std.Dev.,CV%,,,,,,,,,,,,,
1,G10,0.1,200,0.245,0.232,0.014,6.001,,,,,,,,,,,,,
 ,G11, , ,0.232, , , ,,,,,,,,,,,,,
 ,G12, , ,0.218, , , ,,,,,,,,,,,,,
Group Summaries,,,,,,,,,,,,,,,,,,,,
~End ,,,,,,,,,,,,,,,,,,,,
Group: NC0;0,,,,,,,,,,,,,,,,,,,,
Sample,Well,ara,atc ng/mL,Values,MeanValue,Std.Dev.,CV%,,,,,,,,,,,,,
1,B1,0.1,0,0.977,0.995,0.019,1.929,,,,,,,,,,,,,
 ,B2, , ,1.015, , , ,,,,,,,,,,,,,
 ,B3, , ,0.994, , , ,,,,,,,,,,,,,
Group Summaries,,,,,,,,,,,,,,,,,,,,
~End ,,,,,,,,,,,,,,,,,,,,
Group: NC 0.001;0,,,,,,,,,,,,,,,,,,,,
Sample,Well,ara,atc ng/mL,Values,MeanValue,Std.Dev.,CV%,,,,,,,,,,,,,
1,B4,0.001,0,0.991,0.986,0.005,0.51,,,,,,,,,,,,,
 ,B5, , ,0.982, , , ,,,,,,,,,,,,,
 ,B6, , ,0.984, , , ,,,,,,,,,,,,,
Group Summaries,,,,,,,,,,,,,,,,,,,,
~End ,,,,,,,,,,,,,,,,,,,,
Group: NC 0.01;0,,,,,,,,,,,,,,,,,,,,
Sample,Well,ara,atc ng/mL,Values,MeanValue,Std.Dev.,CV%,,,,,,,,,,,,,
1,B7,0.01,0,0.972,1,0.025,2.478,,,,,,,,,,,,,
 ,B8, , ,1.021, , , ,,,,,,,,,,,,,
 ,B9, , ,1.006, , , ,,,,,,,,,,,,,
Group Summaries,,,,,,,,,,,,,,,,,,,,
~End ,,,,,,,,,,,,,,,,,,,,
Group: NC 0.1;0,,,,,,,,,,,,,,,,,,,,
Sample,Well,ara,atc ng/mL,Values,MeanValue,Std.Dev.,CV%,,,,,,,,,,,,,
1,B10,0.1,0,0.945,0.932,0.015,1.587,,,,,,,,,,,,,
 ,B11, , ,0.916, , , ,,,,,,,,,,,,,
 ,B12, , ,0.935, , , ,,,,,,,,,,,,,
Group Summaries,,,,,,,,,,,,,,,,,,,,
~End ,,,,,,,,,,,,,,,,,,,,
Group: NC0.0;200,,,,,,,,,,,,,,,,,,,,
Sample,Well,ara,atc ng/mL,Values,MeanValue,Std.Dev.,CV%,,,,,,,,,,,,,
1,C1,0,200,0.972,0.992,0.017,1.683,,,,,,,,,,,,,
 ,C2, , ,1.001, , , ,,,,,,,,,,,,,
 ,C3, , ,1.002, , , ,,,,,,,,,,,,,
Group Summaries,,,,,,,,,,,,,,,,,,,,
~End ,,,,,,,,,,,,,,,,,,,,
Group: NC0.001;200,,,,,,,,,,,,,,,,,,,,
Sample,Well,ara,atc ng/mL,Values,MeanValue,Std.Dev.,CV%,,,,,,,,,,,,,
1,C4,0.001,200,1.017,1.005,0.011,1.058,,,,,,,,,,,,,
 ,C5, , ,0.998, , , ,,,,,,,,,,,,,
 ,C6, , ,0.999, , , ,,,,,,,,,,,,,
Group Summaries,,,,,,,,,,,,,,,,,,,,
~End ,,,,,,,,,,,,,,,,,,,,
Group: NC0.01;200,,,,,,,,,,,,,,,,,,,,
Sample,Well,ara,atc ng/mL,Values,MeanValue,Std.Dev.,CV%,,,,,,,,,,,,,
1,C7,0.01,200,0.985,1.011,0.028,2.765,,,,,,,,,,,,,
 ,C8, , ,1.009, , , ,,,,,,,,,,,,,
 ,C9, , ,1.041, , , ,,,,,,,,,,,,,
Group Summaries,,,,,,,,,,,,,,,,,,,,
~End ,,,,,,,,,,,,,,,,,,,,
Group: NC0.1;200,,,,,,,,,,,,,,,,,,,,
Sample,Well,ara,atc,Values,MeanValue,Std.Dev.,CV%,,,,,,,,,,,,,
1,C10,0.1,200,0.926,0.923,0.011,1.154,,,,,,,,,,,,,
 ,C11, , ,0.932, , , ,,,,,,,,,,,,,
 ,C12, , ,0.911, , , ,,,,,,,,,,,,,
Group Summaries,,,,,,,,,,,,,,,,,,,,
~End ,,,,,,,,,,,,,,,,,,,,
Group: s0;0,,,,,,,,,,,,,,,,,,,,
Sample,Well,ara,atc ng/mL,Values,MeanValue,Std.Dev.,CV%,,,,,,,,,,,,,
1,D1,0,0,0.92,0.937,0.016,1.665,,,,,,,,,,,,,
 ,D2, , ,0.941, , , ,,,,,,,,,,,,,
 ,D3, , ,0.95, , , ,,,,,,,,,,,,,
Group Summaries,,,,,,,,,,,,,,,,,,,,
~End ,,,,,,,,,,,,,,,,,,,,
Group: s0.001;0,,,,,,,,,,,,,,,,,,,,
Sample,Well,ara,atc ng/mL,Values,MeanValue,Std.Dev.,CV%,,,,,,,,,,,,,
1,D4,0.001,0,0.416,0.418,0.003,0.63,,,,,,,,,,,,,
 ,D5, , ,0.417, , , ,,,,,,,,,,,,,
 ,D6, , ,0.421, , , ,,,,,,,,,,,,,
Group Summaries,,,,,,,,,,,,,,,,,,,,
~End ,,,,,,,,,,,,,,,,,,,,
Group: s0.01;0,,,,,,,,,,,,,,,,,,,,
Sample,Well,ara,atc ng/mL,Values,MeanValue,Std.Dev.,CV%,,,,,,,,,,,,,
1,D7,0.01,0,0.181,0.186,0.005,2.497,,,,,,,,,,,,,
 ,D8, , ,0.19, , , ,,,,,,,,,,,,,
 ,D9, , ,0.188, , , ,,,,,,,,,,,,,
Group Summaries,,,,,,,,,,,,,,,,,,,,
~End ,,,,,,,,,,,,,,,,,,,,
Group: s0.1;0,,,,,,,,,,,,,,,,,,,,
Sample,Well,ara,atc ng/mL,Values,MeanValue,Std.Dev.,CV%,,,,,,,,,,,,,
1,D10,0.1,0,0.154,0.147,0.01,6.602,,,,,,,,,,,,,
 ,D11, , ,0.15, , , ,,,,,,,,,,,,,
 ,D12, , ,0.136, , , ,,,,,,,,,,,,,
Group Summaries,,,,,,,,,,,,,,,,,,,,
~End ,,,,,,,,,,,,,,,,,,,,
Group: s0.0;200,,,,,,,,,,,,,,,,,,,,
Sample,Well,ara,atc ng/mL,Values,MeanValue,Std.Dev.,CV%,,,,,,,,,,,,,
1,E1,0,200,0.931,0.955,0.021,2.227,,,,,,,,,,,,,
 ,E2, , ,0.966, , , ,,,,,,,,,,,,,
 ,E3, , ,0.969, , , ,,,,,,,,,,,,,
Group Summaries,,,,,,,,,,,,,,,,,,,,
~End ,,,,,,,,,,,,,,,,,,,,
Group: s0.001;200,,,,,,,,,,,,,,,,,,,,
Sample,Well,ara,atc ng/mL,Values,MeanValue,Std.Dev.,CV%,,,,,,,,,,,,,
1,E4,0.001,200,0.955,0.919,0.031,3.347,,,,,,,,,,,,,
 ,E5, , ,0.899, , , ,,,,,,,,,,,,,
 ,E6, , ,0.904, , , ,,,,,,,,,,,,,
Group Summaries,,,,,,,,,,,,,,,,,,,,
~End ,,,,,,,,,,,,,,,,,,,,
Group: s0.01;200,,,,,,,,,,,,,,,,,,,,
Sample,Well,ara,atc ng/mL,Values,MeanValue,Std.Dev.,CV%,,,,,,,,,,,,,
1,E7,0.01,200,0.5,0.552,0.046,8.305,,,,,,,,,,,,,
 ,E8, , ,0.585, , , ,,,,,,,,,,,,,
 ,E9, , ,0.571, , , ,,,,,,,,,,,,,
Group Summaries,,,,,,,,,,,,,,,,,,,,
~End ,,,,,,,,,,,,,,,,,,,,
Group: s0.1;200,,,,,,,,,,,,,,,,,,,,
Sample,Well,ara,atc,Values,MeanValue,Std.Dev.,CV%,,,,,,,,,,,,,
1,E10,0.1,200,0.367,0.36,0.017,4.741,,,,,,,,,,,,,
 ,E11, , ,0.373, , , ,,,,,,,,,,,,,
 ,E12, , ,0.341, , , ,,,,,,,,,,,,,
Group Summaries,,,,,,,,,,,,,,,,,,,,
~End ,,,,,,,,,,,,,,,,,,,,
Plate:,Plate1,1.3,PlateFormat,Endpoint,Absorbance,Raw,FALSE,1,,,,,,1,600,1,12,96,1,8
,Temperature(¡C),1,2,3,4,5,6,7,8,9,10,11,12,,,,,,,
,37,-0.0002333333333,-3.33E-05,0.0002666666667,-0.006433333333,-0.006533333333,-0.006633333333,-0.006533333333,-0.006433333333,-0.006533333333,-0.006033333333,-0.006333333333,-0.006233333333,,,,,,,
,,0.9767666667,1.011166667,0.9900666667,0.9882666667,0.9834666667,0.9855666667,0.9675666667,1.015466667,1.000766667,1.034066667,1.014166667,1.027266667,,,,,,,
,,0.9799666667,0.9982666667,0.9988666667,1.014966667,0.9942666667,0.9959666667,0.9738666667,0.9975666667,1.020366667,1.015966667,1.018366667,1.000866667,,,,,,,
,,0.9120666667,0.9389666667,0.9427666667,0.4711666667,0.4651666667,0.4674666667,0.1963666667,0.2063666667,0.2021666667,0.1523666667,0.1484666667,0.1443666667,,,,,,,
,,0.9281666667,0.9561666667,0.9609666667,0.9455666667,0.9204666667,0.9212666667,0.7480666667,0.8277666667,0.8211666667,0.3940666667,0.4039666667,0.3899666667,,,,,,,
,,0.9564666667,0.9721666667,0.9852666667,0.1702666667,0.1699666667,0.1688666667,0.1193666667,0.1110666667,0.1151666667,0.09126666667,0.09016666667,0.09096666667,,,,,,,
,,0.7405666667,0.7597666667,0.7565666667,0.7339666667,0.7183666667,0.7215666667,0.3275666667,0.3351666667,0.3309666667,0.2538666667,0.2356666667,0.2222666667,,,,,,,
,,-0.006633333333,-0.006633333333,-0.006533333333,-0.006633333333,-0.006233333333,-0.003733333333,-0.006433333333,-0.006733333333,-0.005833333333,-0.006233333333,-0.006533333333,-0.006433333333,,,,,,,
,,,,,,,,,,,,,,,,,,,,
~End,,,,,,,,,,,,,,,,,,,,
Group: Group01,,,,,,,,,,,,,,,,,,,,
Sample,Well,ara,atc ng/mL,Values,MeanValue,Std.Dev.,CV%,,,,,,,,,,,,,
1,F1,0,0,0.956,0.971,0.014,1.485,,,,,,,,,,,,,
 ,F2, , ,0.972, , , ,,,,,,,,,,,,,
 ,F3, , ,0.985, , , ,,,,,,,,,,,,,
Group Summaries,,,,,,,,,,,,,,,,,,,,
~End ,,,,,,,,,,,,,,,,,,,,
Group: Group02,,,,,,,,,,,,,,,,,,,,
Sample,Well,ara,atc ng/mL,Values,MeanValue,Std.Dev.,CV%,,,,,,,,,,,,,
1,F4,0.001,0,0.17,0.17,0.001,0.434,,,,,,,,,,,,,
 ,F5, , ,0.17, , , ,,,,,,,,,,,,,
 ,F6, , ,0.169, , , ,,,,,,,,,,,,,
Group Summaries,,,,,,,,,,,,,,,,,,,,
~End ,,,,,,,,,,,,,,,,,,,,
Group: Group03,,,,,,,,,,,,,,,,,,,,
Sample,Well,ara,atc ng/mL,Values,MeanValue,Std.Dev.,CV%,,,,,,,,,,,,,
1,F7,0.01,0,0.119,0.115,0.004,3.603,,,,,,,,,,,,,
 ,F8, , ,0.111, , , ,,,,,,,,,,,,,
 ,F9, , ,0.115, , , ,,,,,,,,,,,,,
Group Summaries,,,,,,,,,,,,,,,,,,,,
~End ,,,,,,,,,,,,,,,,,,,,
Group: Group04,,,,,,,,,,,,,,,,,,,,
Sample,Well,ara,atc ng/mL,Values,MeanValue,Std.Dev.,CV%,,,,,,,,,,,,,
1,F10,0.1,0,0.091,0.091,0.001,0.626,,,,,,,,,,,,,
 ,F11, , ,0.09, , , ,,,,,,,,,,,,,
 ,F12, , ,0.091, , , ,,,,,,,,,,,,,
Group Summaries,,,,,,,,,,,,,,,,,,,,
~End ,,,,,,,,,,,,,,,,,,,,
Group: Group05,,,,,,,,,,,,,,,,,,,,
Sample,Well,ara,atc ng/mL,Values,MeanValue,Std.Dev.,CV%,,,,,,,,,,,,,
1,G1,0,200,0.741,0.752,0.01,1.367,,,,,,,,,,,,,
 ,G2, , ,0.76, , , ,,,,,,,,,,,,,
 ,G3, , ,0.757, , , ,,,,,,,,,,,,,
Group Summaries,,,,,,,,,,,,,,,,,,,,
~End ,,,,,,,,,,,,,,,,,,,,
Group: Group06,,,,,,,,,,,,,,,,,,,,
Sample,Well,ara,atc ng/mL,Values,MeanValue,Std.Dev.,CV%,,,,,,,,,,,,,
1,G4,0.001,200,0.734,0.725,0.008,1.137,,,,,,,,,,,,,
 ,G5, , ,0.718, , , ,,,,,,,,,,,,,
 ,G6, , ,0.722, , , ,,,,,,,,,,,,,
Group Summaries,,,,,,,,,,,,,,,,,,,,
~End ,,,,,,,,,,,,,,,,,,,,
Group: Group07,,,,,,,,,,,,,,,,,,,,
Sample,Well,ara,atc ng/mL,Values,MeanValue,Std.Dev.,CV%,,,,,,,,,,,,,
1,G7,0.01,200,0.328,0.331,0.004,1.149,,,,,,,,,,,,,
 ,G8, , ,0.335, , , ,,,,,,,,,,,,,
 ,G9, , ,0.331, , , ,,,,,,,,,,,,,
Group Summaries,,,,,,,,,,,,,,,,,,,,
~End ,,,,,,,,,,,,,,,,,,,,
Group: Group08,,,,,,,,,,,,,,,,,,,,
Sample,Well,ara,atc,Values,MeanValue,Std.Dev.,CV%,,,,,,,,,,,,,
1,G10,0.1,200,0.254,0.237,0.016,6.685,,,,,,,,,,,,,
 ,G11, , ,0.236, , , ,,,,,,,,,,,,,
 ,G12, , ,0.222, , , ,,,,,,,,,,,,,
Group Summaries,,,,,,,,,,,,,,,,,,,,
~End ,,,,,,,,,,,,,,,,,,,,
Group: NC0;0,,,,,,,,,,,,,,,,,,,,
Sample,Well,ara,atc ng/mL,Values,MeanValue,Std.Dev.,CV%,,,,,,,,,,,,,
1,B1,0.1,0,0.977,0.993,0.017,1.747,,,,,,,,,,,,,
 ,B2, , ,1.011, , , ,,,,,,,,,,,,,
 ,B3, , ,0.99, , , ,,,,,,,,,,,,,
Group Summaries,,,,,,,,,,,,,,,,,,,,
~End ,,,,,,,,,,,,,,,,,,,,
Group: NC 0.001;0,,,,,,,,,,,,,,,,,,,,
Sample,Well,ara,atc ng/mL,Values,MeanValue,Std.Dev.,CV%,,,,,,,,,,,,,
1,B4,0.001,0,0.988,0.986,0.002,0.244,,,,,,,,,,,,,
 ,B5, , ,0.983, , , ,,,,,,,,,,,,,
 ,B6, , ,0.986, , , ,,,,,,,,,,,,,
Group Summaries,,,,,,,,,,,,,,,,,,,,
~End ,,,,,,,,,,,,,,,,,,,,
Group: NC 0.01;0,,,,,,,,,,,,,,,,,,,,
Sample,Well,ara,atc ng/mL,Values,MeanValue,Std.Dev.,CV%,,,,,,,,,,,,,
1,B7,0.01,0,0.968,0.995,0.025,2.467,,,,,,,,,,,,,
 ,B8, , ,1.015, , , ,,,,,,,,,,,,,
 ,B9, , ,1.001, , , ,,,,,,,,,,,,,
Group Summaries,,,,,,,,,,,,,,,,,,,,
~End ,,,,,,,,,,,,,,,,,,,,
Group: NC 0.1;0,,,,,,,,,,,,,,,,,,,,
Sample,Well,ara,atc ng/mL,Values,MeanValue,Std.Dev.,CV%,,,,,,,,,,,,,
1,B10,0.1,0,1.034,1.025,0.01,0.987,,,,,,,,,,,,,
 ,B11, , ,1.014, , , ,,,,,,,,,,,,,
 ,B12, , ,1.027, , , ,,,,,,,,,,,,,
Group Summaries,,,,,,,,,,,,,,,,,,,,
~End ,,,,,,,,,,,,,,,,,,,,
Group: NC0.0;200,,,,,,,,,,,,,,,,,,,,
Sample,Well,ara,atc ng/mL,Values,MeanValue,Std.Dev.,CV%,,,,,,,,,,,,,
1,C1,0,200,0.98,0.992,0.011,1.083,,,,,,,,,,,,,
 ,C2, , ,0.998, , , ,,,,,,,,,,,,,
 ,C3, , ,0.999, , , ,,,,,,,,,,,,,
Group Summaries,,,,,,,,,,,,,,,,,,,,
~End ,,,,,,,,,,,,,,,,,,,,
Group: NC0.001;200,,,,,,,,,,,,,,,,,,,,
Sample,Well,ara,atc ng/mL,Values,MeanValue,Std.Dev.,CV%,,,,,,,,,,,,,
1,C4,0.001,200,1.015,1.002,0.011,1.147,,,,,,,,,,,,,
 ,C5, , ,0.994, , , ,,,,,,,,,,,,,
 ,C6, , ,0.996, , , ,,,,,,,,,,,,,
Group Summaries,,,,,,,,,,,,,,,,,,,,
~End ,,,,,,,,,,,,,,,,,,,,
Group: NC0.01;200,,,,,,,,,,,,,,,,,,,,
Sample,Well,ara,atc ng/mL,Values,MeanValue,Std.Dev.,CV%,,,,,,,,,,,,,
1,C7,0.01,200,0.974,0.997,0.023,2.332,,,,,,,,,,,,,
 ,C8, , ,0.998, , , ,,,,,,,,,,,,,
 ,C9, , ,1.02, , , ,,,,,,,,,,,,,
Group Summaries,,,,,,,,,,,,,,,,,,,,
~End ,,,,,,,,,,,,,,,,,,,,
Group: NC0.1;200,,,,,,,,,,,,,,,,,,,,
Sample,Well,ara,atc,Values,MeanValue,Std.Dev.,CV%,,,,,,,,,,,,,
1,C10,0.1,200,1.016,1.012,0.009,0.938,,,,,,,,,,,,,
 ,C11, , ,1.018, , , ,,,,,,,,,,,,,
 ,C12, , ,1.001, , , ,,,,,,,,,,,,,
Group Summaries,,,,,,,,,,,,,,,,,,,,
~End ,,,,,,,,,,,,,,,,,,,,
Group: s0;0,,,,,,,,,,,,,,,,,,,,
Sample,Well,ara,atc ng/mL,Values,MeanValue,Std.Dev.,CV%,,,,,,,,,,,,,
1,D1,0,0,0.912,0.931,0.017,1.797,,,,,,,,,,,,,
 ,D2, , ,0.939, , , ,,,,,,,,,,,,,
 ,D3, , ,0.943, , , ,,,,,,,,,,,,,
Group Summaries,,,,,,,,,,,,,,,,,,,,
~End ,,,,,,,,,,,,,,,,,,,,
Group: s0.001;0,,,,,,,,,,,,,,,,,,,,
Sample,Well,ara,atc ng/mL,Values,MeanValue,Std.Dev.,CV%,,,,,,,,,,,,,
1,D4,0.001,0,0.471,0.468,0.003,0.647,,,,,,,,,,,,,
 ,D5, , ,0.465, , , ,,,,,,,,,,,,,
 ,D6, , ,0.467, , , ,,,,,,,,,,,,,
Group Summaries,,,,,,,,,,,,,,,,,,,,
~End ,,,,,,,,,,,,,,,,,,,,
Group: s0.01;0,,,,,,,,,,,,,,,,,,,,
Sample,Well,ara,atc ng/mL,Values,MeanValue,Std.Dev.,CV%,,,,,,,,,,,,,
1,D7,0.01,0,0.196,0.202,0.005,2.49,,,,,,,,,,,,,
 ,D8, , ,0.206, , , ,,,,,,,,,,,,,
 ,D9, , ,0.202, , , ,,,,,,,,,,,,,
Group Summaries,,,,,,,,,,,,,,,,,,,,
~End ,,,,,,,,,,,,,,,,,,,,
Group: s0.1;0,,,,,,,,,,,,,,,,,,,,
Sample,Well,ara,atc ng/mL,Values,MeanValue,Std.Dev.,CV%,,,,,,,,,,,,,
1,D10,0.1,0,0.152,0.148,0.004,2.696,,,,,,,,,,,,,
 ,D11, , ,0.148, , , ,,,,,,,,,,,,,
 ,D12, , ,0.144, , , ,,,,,,,,,,,,,
Group Summaries,,,,,,,,,,,,,,,,,,,,
~End ,,,,,,,,,,,,,,,,,,,,
Group: s0.0;200,,,,,,,,,,,,,,,,,,,,
Sample,Well,ara,atc ng/mL,Values,MeanValue,Std.Dev.,CV%,,,,,,,,,,,,,
1,E1,0,200,0.928,0.948,0.018,1.868,,,,,,,,,,,,,
 ,E2, , ,0.956, , , ,,,,,,,,,,,,,
 ,E3, , ,0.961, , , ,,,,,,,,,,,,,
Group Summaries,,,,,,,,,,,,,,,,,,,,
~End ,,,,,,,,,,,,,,,,,,,,
Group: s0.001;200,,,,,,,,,,,,,,,,,,,,
Sample,Well,ara,atc ng/mL,Values,MeanValue,Std.Dev.,CV%,,,,,,,,,,,,,
1,E4,0.001,200,0.946,0.929,0.014,1.535,,,,,,,,,,,,,
 ,E5, , ,0.92, , , ,,,,,,,,,,,,,
 ,E6, , ,0.921, , , ,,,,,,,,,,,,,
Group Summaries,,,,,,,,,,,,,,,,,,,,
~End ,,,,,,,,,,,,,,,,,,,,
Group: s0.01;200,,,,,,,,,,,,,,,,,,,,
Sample,Well,ara,atc ng/mL,Values,MeanValue,Std.Dev.,CV%,,,,,,,,,,,,,
1,E7,0.01,200,0.748,0.799,0.044,5.536,,,,,,,,,,,,,
 ,E8, , ,0.828, , , ,,,,,,,,,,,,,
 ,E9, , ,0.821, , , ,,,,,,,,,,,,,
Group Summaries,,,,,,,,,,,,,,,,,,,,
~End ,,,,,,,,,,,,,,,,,,,,
Group: s0.1;200,,,,,,,,,,,,,,,,,,,,
Sample,Well,ara,atc,Values,MeanValue,Std.Dev.,CV%,,,,,,,,,,,,,
1,E10,0.1,200,0.394,0.396,0.007,1.818,,,,,,,,,,,,,
 ,E11, , ,0.404, , , ,,,,,,,,,,,,,
 ,E12, , ,0.39, , , ,,,,,,,,,,,,,
Group Summaries,,,,,,,,,,,,,,,,,,,,
~End ,,,,,,,,,,,,,,,,,,,,
Original Filename: 141028_plate; Date Last Saved: 10/28/2014 8:41:40 PM,,,,,,,,,,,,,,,,,,,,
,,,,,,,,,,,,,,,,,,,,
,,,,,,,,,,,,,,,,,,,,
Time:,(hr),,,,,,,,,,,,,,,,,,,
,11.04,12.27,13.42,15.27,16.54,18.4,20.31,,,,,,,,,,,,,